# Blender 4.0.2
# www.blender.org
mtllib Chair.mtl
o Chair
v 0.118194 0.985260 -0.244750
v 0.132509 0.985244 -0.244741
v 0.118172 0.985218 -0.259078
v 0.132531 0.985202 -0.259087
v 0.109211 0.485986 -0.223936
v 0.123602 0.485939 -0.223960
v 0.109264 0.485884 -0.238299
v 0.123549 0.485841 -0.238276
v 0.108401 0.735372 -0.264536
v 0.102177 0.735614 -0.258327
v 0.136232 0.735331 -0.264534
v 0.142459 0.735427 -0.258312
v 0.108374 0.735811 -0.224261
v 0.102178 0.735714 -0.230462
v 0.136261 0.735768 -0.224260
v 0.142462 0.735524 -0.230475
v 0.035124 0.985243 -0.256035
v 0.049448 0.985243 -0.256035
v 0.035111 0.985219 -0.270372
v 0.049461 0.985219 -0.270372
v 0.035090 0.485962 -0.237759
v 0.049481 0.485962 -0.237759
v 0.035143 0.485862 -0.252099
v 0.049428 0.485862 -0.252099
v 0.028373 0.735378 -0.277936
v 0.022144 0.735527 -0.271719
v 0.056198 0.735378 -0.277936
v 0.062428 0.735527 -0.271719
v 0.028337 0.735763 -0.237659
v 0.022143 0.735613 -0.243867
v 0.056235 0.735763 -0.237659
v 0.062428 0.735613 -0.243867
v 0.193791 0.985258 -0.223191
v 0.208119 0.985221 -0.223172
v 0.193782 0.985241 -0.237509
v 0.208128 0.985204 -0.237529
v 0.177329 0.486002 -0.206011
v 0.191721 0.485924 -0.206051
v 0.177382 0.485899 -0.220390
v 0.191668 0.485827 -0.220351
v 0.180695 0.735427 -0.246025
v 0.174465 0.735701 -0.239816
v 0.208510 0.735352 -0.246023
v 0.214743 0.735357 -0.239796
v 0.180656 0.735791 -0.205747
v 0.174467 0.735784 -0.211945
v 0.208552 0.735711 -0.205745
v 0.214746 0.735436 -0.211962
v -0.118194 0.985260 -0.244750
v -0.132509 0.985244 -0.244741
v -0.118172 0.985218 -0.259078
v -0.132531 0.985202 -0.259087
v -0.109211 0.485986 -0.223936
v -0.123602 0.485939 -0.223960
v -0.109264 0.485884 -0.238299
v -0.123549 0.485841 -0.238276
v -0.102177 0.735614 -0.258327
v -0.108401 0.735372 -0.264536
v -0.142459 0.735427 -0.258312
v -0.136232 0.735331 -0.264534
v -0.102178 0.735714 -0.230462
v -0.108374 0.735811 -0.224261
v -0.142462 0.735524 -0.230475
v -0.136261 0.735768 -0.224260
v -0.035124 0.985243 -0.256035
v -0.049448 0.985243 -0.256035
v -0.035111 0.985219 -0.270372
v -0.049461 0.985219 -0.270372
v -0.035090 0.485962 -0.237759
v -0.049481 0.485962 -0.237759
v -0.035143 0.485862 -0.252099
v -0.049428 0.485862 -0.252099
v -0.022144 0.735527 -0.271719
v -0.028373 0.735378 -0.277936
v -0.062428 0.735527 -0.271719
v -0.056198 0.735378 -0.277936
v -0.022143 0.735613 -0.243867
v -0.028337 0.735763 -0.237659
v -0.062428 0.735613 -0.243867
v -0.056235 0.735763 -0.237659
v -0.193791 0.985258 -0.223191
v -0.208119 0.985221 -0.223172
v -0.193782 0.985241 -0.237509
v -0.208128 0.985204 -0.237529
v -0.177329 0.486002 -0.206011
v -0.191721 0.485924 -0.206051
v -0.177382 0.485899 -0.220390
v -0.191668 0.485827 -0.220351
v -0.174465 0.735702 -0.239816
v -0.180695 0.735427 -0.246025
v -0.214743 0.735357 -0.239796
v -0.208510 0.735352 -0.246023
v -0.174467 0.735784 -0.211945
v -0.180656 0.735791 -0.205747
v -0.214746 0.735436 -0.211962
v -0.208552 0.735711 -0.205745
v 0.112114 0.976736 -0.244324
v 0.117870 0.976784 -0.238584
v 0.132707 0.976755 -0.238579
v 0.138479 0.976645 -0.244315
v 0.112101 0.976663 -0.259173
v 0.117846 0.976552 -0.264954
v 0.138492 0.976571 -0.259182
v 0.132730 0.976523 -0.264959
v 0.103369 0.494678 -0.224071
v 0.109121 0.494761 -0.218293
v 0.129776 0.494465 -0.224101
v 0.124051 0.494683 -0.218305
v 0.109190 0.494290 -0.244674
v 0.103397 0.494508 -0.238959
v 0.129743 0.494303 -0.238926
v 0.123979 0.494219 -0.244658
v 0.029101 0.976677 -0.255677
v 0.034861 0.976731 -0.249934
v 0.049711 0.976731 -0.249934
v 0.055471 0.976677 -0.255677
v 0.029092 0.976631 -0.270535
v 0.034849 0.976576 -0.276310
v 0.055479 0.976631 -0.270535
v 0.049722 0.976576 -0.276310
v 0.029081 0.494571 -0.237897
v 0.034820 0.494718 -0.232111
v 0.055490 0.494571 -0.237897
v 0.049752 0.494718 -0.232111
v 0.034891 0.494258 -0.258479
v 0.029112 0.494406 -0.252754
v 0.055460 0.494406 -0.252754
v 0.049680 0.494258 -0.258479
v 0.187640 0.976770 -0.222865
v 0.193381 0.976746 -0.217114
v 0.208235 0.976681 -0.217102
v 0.214010 0.976571 -0.222843
v 0.187633 0.976737 -0.237702
v 0.193375 0.976626 -0.243479
v 0.214015 0.976536 -0.237724
v 0.208240 0.976561 -0.243490
v 0.171598 0.494750 -0.206144
v 0.177358 0.494782 -0.200374
v 0.198000 0.494391 -0.206193
v 0.192288 0.494651 -0.200393
v 0.177427 0.494319 -0.226764
v 0.171625 0.494580 -0.221053
v 0.197967 0.494233 -0.220998
v 0.192213 0.494201 -0.226738
v -0.112114 0.976736 -0.244324
v -0.117870 0.976784 -0.238584
v -0.132707 0.976755 -0.238579
v -0.138479 0.976645 -0.244315
v -0.112101 0.976663 -0.259173
v -0.117846 0.976552 -0.264954
v -0.138492 0.976571 -0.259182
v -0.132730 0.976523 -0.264959
v -0.103369 0.494678 -0.224071
v -0.109121 0.494761 -0.218293
v -0.129776 0.494465 -0.224101
v -0.124051 0.494683 -0.218305
v -0.109190 0.494290 -0.244674
v -0.103397 0.494508 -0.238959
v -0.129743 0.494303 -0.238926
v -0.123979 0.494219 -0.244658
v -0.029101 0.976677 -0.255677
v -0.034861 0.976731 -0.249934
v -0.049711 0.976731 -0.249934
v -0.055471 0.976677 -0.255677
v -0.029092 0.976631 -0.270535
v -0.034849 0.976576 -0.276310
v -0.055479 0.976631 -0.270535
v -0.049722 0.976576 -0.276310
v -0.029081 0.494571 -0.237897
v -0.034820 0.494718 -0.232111
v -0.055490 0.494571 -0.237897
v -0.049752 0.494718 -0.232111
v -0.034891 0.494258 -0.258479
v -0.029112 0.494406 -0.252754
v -0.055460 0.494406 -0.252754
v -0.049680 0.494258 -0.258479
v -0.187640 0.976770 -0.222865
v -0.193381 0.976746 -0.217114
v -0.208235 0.976681 -0.217102
v -0.214010 0.976571 -0.222843
v -0.187633 0.976737 -0.237701
v -0.193375 0.976626 -0.243479
v -0.214015 0.976537 -0.237724
v -0.208240 0.976561 -0.243490
v -0.171598 0.494750 -0.206144
v -0.177358 0.494782 -0.200374
v -0.198000 0.494391 -0.206193
v -0.192288 0.494651 -0.200393
v -0.177427 0.494319 -0.226764
v -0.171625 0.494580 -0.221053
v -0.197967 0.494233 -0.220998
v -0.192213 0.494201 -0.226738
v 0.115499 0.985293 -0.251899
v 0.125345 0.985310 -0.242068
v 0.135211 0.985272 -0.251899
v 0.125346 0.985255 -0.261780
v 0.104779 0.735477 -0.261958
v 0.139862 0.735341 -0.261945
v 0.116424 0.485795 -0.240951
v 0.106539 0.485889 -0.231153
v 0.126253 0.485830 -0.231155
v 0.116422 0.485927 -0.221237
v 0.104762 0.735799 -0.226853
v 0.139886 0.735659 -0.226860
v 0.032430 0.985283 -0.263195
v 0.042286 0.985299 -0.253353
v 0.052142 0.985283 -0.263195
v 0.042286 0.985267 -0.273066
v 0.024746 0.735429 -0.275353
v 0.059825 0.735429 -0.275353
v 0.042286 0.485795 -0.254762
v 0.032428 0.485859 -0.244965
v 0.052143 0.485859 -0.244965
v 0.042286 0.485926 -0.235048
v 0.024720 0.735710 -0.240257
v 0.059852 0.735710 -0.240257
v 0.191107 0.985307 -0.230344
v 0.200941 0.985294 -0.220498
v 0.210820 0.985258 -0.230344
v 0.200942 0.985272 -0.240211
v 0.177072 0.735561 -0.243451
v 0.212142 0.735312 -0.243433
v 0.184554 0.485795 -0.223034
v 0.174649 0.485910 -0.213236
v 0.194365 0.485811 -0.213238
v 0.184551 0.485927 -0.203319
v 0.177047 0.735828 -0.208341
v 0.212176 0.735573 -0.208350
v -0.115499 0.985293 -0.251899
v -0.125345 0.985310 -0.242068
v -0.135211 0.985272 -0.251899
v -0.125346 0.985255 -0.261780
v -0.104779 0.735477 -0.261958
v -0.139862 0.735341 -0.261945
v -0.116424 0.485795 -0.240951
v -0.106539 0.485889 -0.231153
v -0.126253 0.485830 -0.231155
v -0.116422 0.485927 -0.221237
v -0.104762 0.735799 -0.226853
v -0.139886 0.735660 -0.226860
v -0.032430 0.985283 -0.263195
v -0.042286 0.985299 -0.253353
v -0.052142 0.985283 -0.263195
v -0.042286 0.985267 -0.273066
v -0.024746 0.735429 -0.275353
v -0.059825 0.735429 -0.275353
v -0.042286 0.485795 -0.254762
v -0.032428 0.485859 -0.244965
v -0.052143 0.485859 -0.244965
v -0.042286 0.485926 -0.235048
v -0.024720 0.735710 -0.240257
v -0.059852 0.735710 -0.240257
v -0.191107 0.985307 -0.230344
v -0.200941 0.985294 -0.220498
v -0.210820 0.985258 -0.230344
v -0.200942 0.985272 -0.240210
v -0.177072 0.735562 -0.243451
v -0.212142 0.735312 -0.243433
v -0.184554 0.485795 -0.223034
v -0.174649 0.485910 -0.213236
v -0.194365 0.485811 -0.213238
v -0.184551 0.485927 -0.203319
v -0.177047 0.735828 -0.208341
v -0.212176 0.735573 -0.208350
v 0.102064 0.735667 -0.244393
v 0.122317 0.735797 -0.224145
v 0.142572 0.735472 -0.244393
v 0.122317 0.735344 -0.264645
v 0.022031 0.735570 -0.257791
v 0.042286 0.735769 -0.237542
v 0.062541 0.735570 -0.257791
v 0.042286 0.735371 -0.278044
v 0.174352 0.735749 -0.225878
v 0.194603 0.735757 -0.205629
v 0.214855 0.735391 -0.225878
v 0.194602 0.735383 -0.246132
v -0.102064 0.735667 -0.244393
v -0.122317 0.735797 -0.224145
v -0.142572 0.735473 -0.244393
v -0.122317 0.735344 -0.264645
v -0.022031 0.735570 -0.257791
v -0.042286 0.735769 -0.237542
v -0.062541 0.735570 -0.257791
v -0.042286 0.735371 -0.278044
v -0.174352 0.735749 -0.225879
v -0.194603 0.735757 -0.205629
v -0.214855 0.735391 -0.225878
v -0.194602 0.735383 -0.246132
v 0.116439 0.485049 -0.231189
v 0.125340 0.986092 -0.251884
v 0.042286 0.485049 -0.245000
v 0.042286 0.986092 -0.263186
v 0.184578 0.485049 -0.213271
v 0.200929 0.986092 -0.230338
v -0.116439 0.485049 -0.231189
v -0.125340 0.986092 -0.251884
v -0.042286 0.485049 -0.245000
v -0.042286 0.986092 -0.263186
v -0.184578 0.485049 -0.213271
v -0.200929 0.986092 -0.230338
v 0.113322 0.972111 -0.239728
v 0.137188 0.972026 -0.239727
v 0.113319 0.971899 -0.263590
v 0.137189 0.971814 -0.263589
v 0.104748 0.499460 -0.219816
v 0.128638 0.499285 -0.219823
v 0.104769 0.499069 -0.243684
v 0.128608 0.498898 -0.243668
v 0.030350 0.972037 -0.251125
v 0.054222 0.972037 -0.251125
v 0.030352 0.971888 -0.274989
v 0.054219 0.971888 -0.274989
v 0.030339 0.499367 -0.233632
v 0.054233 0.499367 -0.233632
v 0.030366 0.498989 -0.257489
v 0.054205 0.498989 -0.257490
v 0.188792 0.972113 -0.218323
v 0.212663 0.971933 -0.218317
v 0.188795 0.971991 -0.242183
v 0.212656 0.971812 -0.242185
v 0.173055 0.499513 -0.201898
v 0.196944 0.499216 -0.201910
v 0.173076 0.499136 -0.225774
v 0.196909 0.498845 -0.225748
v -0.113322 0.972111 -0.239728
v -0.137188 0.972026 -0.239727
v -0.113319 0.971899 -0.263590
v -0.137189 0.971814 -0.263589
v -0.104748 0.499460 -0.219816
v -0.128638 0.499285 -0.219823
v -0.104769 0.499069 -0.243684
v -0.128608 0.498898 -0.243668
v -0.030350 0.972037 -0.251125
v -0.054222 0.972037 -0.251125
v -0.030352 0.971888 -0.274989
v -0.054219 0.971888 -0.274989
v -0.030339 0.499367 -0.233632
v -0.054233 0.499367 -0.233632
v -0.030366 0.498989 -0.257489
v -0.054205 0.498989 -0.257489
v -0.188792 0.972113 -0.218323
v -0.212663 0.971933 -0.218317
v -0.188796 0.971991 -0.242183
v -0.212656 0.971812 -0.242185
v -0.173055 0.499513 -0.201898
v -0.196944 0.499216 -0.201910
v -0.173076 0.499136 -0.225774
v -0.196909 0.498845 -0.225748
v 0.111702 0.979633 -0.251797
v 0.125307 0.979702 -0.238222
v 0.138947 0.979544 -0.251797
v 0.125306 0.979474 -0.265465
v 0.116531 0.491318 -0.244919
v 0.102868 0.491658 -0.231396
v 0.130111 0.491447 -0.231395
v 0.116533 0.491789 -0.217683
v 0.028663 0.979588 -0.263134
v 0.042286 0.979663 -0.249543
v 0.055908 0.979588 -0.263134
v 0.042286 0.979514 -0.276787
v 0.042286 0.491321 -0.258731
v 0.028663 0.491552 -0.245207
v 0.055908 0.491552 -0.245207
v 0.042286 0.491786 -0.231496
v 0.187269 0.979687 -0.230302
v 0.200851 0.979646 -0.216703
v 0.214513 0.979490 -0.230302
v 0.200851 0.979531 -0.243948
v 0.184732 0.491322 -0.227003
v 0.171042 0.491730 -0.213479
v 0.198281 0.491375 -0.213477
v 0.184734 0.491784 -0.199768
v -0.111702 0.979633 -0.251797
v -0.125307 0.979702 -0.238222
v -0.138947 0.979544 -0.251797
v -0.125306 0.979474 -0.265465
v -0.116531 0.491318 -0.244919
v -0.102868 0.491658 -0.231396
v -0.130111 0.491447 -0.231395
v -0.116533 0.491789 -0.217683
v -0.028663 0.979588 -0.263134
v -0.042286 0.979663 -0.249543
v -0.055908 0.979588 -0.263134
v -0.042286 0.979514 -0.276787
v -0.042286 0.491321 -0.258731
v -0.028663 0.491552 -0.245207
v -0.055908 0.491552 -0.245207
v -0.042286 0.491786 -0.231496
v -0.187269 0.979687 -0.230302
v -0.200851 0.979646 -0.216703
v -0.214513 0.979489 -0.230302
v -0.200851 0.979531 -0.243948
v -0.184732 0.491322 -0.227003
v -0.171042 0.491730 -0.213479
v -0.198281 0.491375 -0.213477
v -0.184734 0.491784 -0.199768
v -0.028444 0.489937 -0.163205
v 0.028444 0.489937 -0.163205
v -0.029314 0.487281 -0.050595
v 0.029314 0.487281 -0.050595
v -0.030194 0.487251 0.063330
v 0.030194 0.487251 0.063330
v 0.031065 0.489024 0.175974
v -0.031065 0.489024 0.175974
v 0.028444 0.447544 -0.163205
v -0.028444 0.447544 -0.163205
v 0.029314 0.447544 -0.050595
v -0.029314 0.447544 -0.050595
v 0.030194 0.447544 0.063330
v -0.030194 0.447544 0.063330
v -0.031065 0.447544 0.175973
v 0.031065 0.447544 0.175973
v 0.090098 0.490073 -0.163201
v 0.155031 0.490507 -0.162271
v 0.094449 0.487639 -0.050595
v 0.161838 0.490006 -0.050595
v 0.098850 0.486104 0.063330
v 0.168003 0.489604 0.063330
v 0.173437 0.489470 0.175007
v 0.103203 0.485949 0.175972
v -0.155031 0.490507 -0.162271
v -0.090098 0.490073 -0.163201
v -0.161838 0.490006 -0.050595
v -0.094449 0.487639 -0.050595
v -0.168003 0.489604 0.063330
v -0.098850 0.486104 0.063330
v -0.103203 0.485949 0.175972
v -0.173437 0.489470 0.175007
v -0.090098 0.447544 -0.163201
v -0.155031 0.447544 -0.162271
v -0.094449 0.447544 -0.050595
v -0.161838 0.447544 -0.050595
v -0.098850 0.447544 0.063330
v -0.168003 0.447544 0.063330
v -0.173437 0.447544 0.175007
v -0.103203 0.447544 0.175972
v 0.155031 0.447544 -0.162271
v 0.090098 0.447544 -0.163201
v 0.161838 0.447544 -0.050595
v 0.094449 0.447544 -0.050595
v 0.168003 0.447544 0.063330
v 0.098850 0.447544 0.063330
v 0.103203 0.447544 0.175972
v 0.173437 0.447544 0.175007
v -0.241646 0.447543 0.242659
v -0.247515 0.455115 0.247238
v -0.241646 0.490614 0.242658
v -0.247515 0.483029 0.247238
v -0.196540 0.447543 -0.230656
v -0.201683 0.455115 -0.234672
v -0.196540 0.490614 -0.230656
v -0.201683 0.483039 -0.234672
v 0.241646 0.447543 0.242659
v 0.247515 0.455115 0.247238
v 0.241646 0.490614 0.242658
v 0.247515 0.483029 0.247238
v 0.196540 0.447543 -0.230656
v 0.201683 0.455115 -0.234672
v 0.196540 0.490614 -0.230656
v 0.201683 0.483039 -0.234672
v -0.230613 0.447544 -0.157651
v -0.238083 0.455115 -0.158324
v -0.245352 0.447544 -0.050595
v -0.253121 0.455115 -0.050595
v -0.255936 0.447544 0.063330
v -0.263685 0.455115 0.063330
v -0.270008 0.455115 0.171017
v -0.262427 0.447544 0.170193
v -0.262427 0.490614 0.170193
v -0.270008 0.483032 0.171017
v -0.255936 0.490614 0.063330
v -0.263685 0.483035 0.063330
v -0.245353 0.490614 -0.050595
v -0.253121 0.483036 -0.050595
v -0.238083 0.483038 -0.158324
v -0.230613 0.490614 -0.157651
v 0.262427 0.447544 0.170193
v 0.270008 0.455115 0.171017
v 0.255936 0.447544 0.063330
v 0.263685 0.455115 0.063330
v 0.245352 0.447544 -0.050595
v 0.253121 0.455115 -0.050595
v 0.238083 0.455115 -0.158324
v 0.230613 0.447544 -0.157651
v 0.230613 0.490614 -0.157651
v 0.238083 0.483038 -0.158324
v 0.245352 0.490614 -0.050595
v 0.253121 0.483036 -0.050595
v 0.255936 0.490614 0.063330
v 0.263685 0.483035 0.063330
v 0.270008 0.483032 0.171017
v 0.262427 0.490614 0.170193
v 0.027554 0.455115 -0.278445
v 0.027615 0.447544 -0.270555
v -0.027615 0.447544 -0.270555
v -0.027554 0.455115 -0.278445
v -0.027554 0.483040 -0.278445
v -0.027615 0.490614 -0.270555
v 0.027615 0.490614 -0.270555
v 0.027554 0.483040 -0.278445
v 0.031896 0.447544 0.283489
v 0.031955 0.455115 0.291181
v -0.031955 0.455115 0.291181
v -0.031896 0.447544 0.283489
v -0.031896 0.489168 0.283490
v -0.031955 0.481549 0.291181
v 0.031955 0.481549 0.291181
v 0.031896 0.489168 0.283490
v 0.146333 0.455115 -0.272249
v 0.145664 0.447544 -0.264949
v 0.085952 0.447544 -0.270530
v 0.085646 0.455115 -0.278445
v -0.085646 0.455115 -0.278445
v -0.085952 0.447544 -0.270530
v -0.145664 0.447544 -0.264949
v -0.146333 0.455115 -0.272249
v -0.146333 0.483040 -0.272249
v -0.145664 0.490614 -0.264949
v -0.085952 0.490614 -0.270530
v -0.085646 0.483040 -0.278445
v 0.085646 0.483040 -0.278445
v 0.085952 0.490614 -0.270530
v 0.145664 0.490614 -0.264949
v 0.146333 0.483040 -0.272249
v -0.107357 0.447544 0.283479
v -0.107654 0.455115 0.291181
v -0.177378 0.455115 0.284942
v -0.175950 0.447544 0.277689
v 0.175950 0.447544 0.277689
v 0.177378 0.455115 0.284942
v 0.107654 0.455115 0.291181
v 0.107357 0.447544 0.283479
v 0.107357 0.484830 0.283481
v 0.107654 0.477133 0.291181
v 0.177378 0.481552 0.284942
v 0.175950 0.489168 0.277689
v -0.175950 0.489168 0.277689
v -0.177378 0.481552 0.284942
v -0.107654 0.477133 0.291181
v -0.107357 0.484830 0.283481
v 0.000000 0.489815 0.175974
v -0.000000 0.447544 0.175974
v 0.000000 0.489932 -0.163206
v 0.000000 0.487328 -0.050595
v 0.000000 0.487655 0.063330
v -0.000000 0.447544 -0.163206
v -0.000000 0.447544 -0.050595
v -0.000000 0.447544 0.063330
v 0.058747 0.447544 -0.163204
v -0.058747 0.447544 -0.163204
v -0.058747 0.489965 -0.163204
v 0.058747 0.489965 -0.163204
v -0.066609 0.447544 0.175973
v 0.066609 0.447544 0.175973
v 0.066609 0.487057 0.175973
v -0.066609 0.487057 0.175973
v 0.061357 0.487232 -0.050595
v 0.063998 0.486299 0.063330
v -0.061357 0.487232 -0.050595
v -0.063998 0.486299 0.063330
v -0.061357 0.447544 -0.050595
v -0.063998 0.447544 0.063330
v 0.061357 0.447544 -0.050595
v 0.063998 0.447544 0.063330
v -0.257672 0.447544 0.211381
v -0.264797 0.455115 0.213908
v -0.216163 0.490614 -0.199196
v -0.222860 0.483038 -0.201295
v 0.216163 0.447544 -0.199196
v 0.222860 0.455115 -0.201295
v 0.257672 0.490614 0.211380
v 0.264797 0.483030 0.213908
v -0.216163 0.447544 -0.199196
v -0.222860 0.455115 -0.201295
v -0.257672 0.490614 0.211380
v -0.264797 0.483030 0.213908
v 0.257672 0.447544 0.211381
v 0.264797 0.455115 0.213908
v 0.216163 0.490614 -0.199196
v 0.222860 0.483038 -0.201295
v 0.000000 0.482653 0.291181
v 0.000000 0.490252 0.283491
v 0.000000 0.455115 0.291181
v -0.000000 0.447544 0.283490
v 0.000000 0.490614 -0.270559
v 0.000000 0.483040 -0.278445
v -0.000000 0.447544 -0.270559
v -0.000000 0.455115 -0.278445
v 0.175539 0.455115 -0.258257
v 0.172755 0.447544 -0.252344
v 0.172755 0.490614 -0.252344
v 0.175539 0.483039 -0.258257
v 0.056076 0.455115 -0.278445
v 0.056259 0.447544 -0.270546
v 0.056259 0.490614 -0.270546
v 0.056076 0.483040 -0.278445
v -0.175539 0.455115 -0.258257
v -0.172755 0.447544 -0.252344
v -0.056076 0.455115 -0.278445
v -0.056259 0.447544 -0.270546
v -0.172755 0.490614 -0.252344
v -0.175539 0.483039 -0.258257
v -0.056259 0.490614 -0.270546
v -0.056076 0.483040 -0.278445
v -0.215386 0.455115 0.270871
v -0.211798 0.447544 0.264645
v -0.069280 0.455115 0.291181
v -0.069102 0.447544 0.283485
v -0.211798 0.490433 0.264644
v -0.215386 0.482843 0.270871
v -0.069102 0.486457 0.283487
v -0.069280 0.478789 0.291181
v 0.211798 0.447544 0.264645
v 0.215386 0.455115 0.270871
v 0.211798 0.490433 0.264644
v 0.215386 0.482843 0.270871
v 0.069102 0.447544 0.283485
v 0.069280 0.455115 0.291181
v 0.069102 0.486457 0.283487
v 0.069280 0.478789 0.291181
v -0.215901 0.447544 0.172961
v -0.174967 0.447544 0.227191
v -0.174967 0.489342 0.227191
v -0.215901 0.490471 0.172961
v -0.150587 0.447544 -0.214454
v -0.191797 0.447544 -0.160307
v -0.150587 0.490601 -0.214454
v -0.191797 0.490601 -0.160307
v 0.174967 0.447544 0.227191
v 0.215901 0.447544 0.172961
v 0.215901 0.490471 0.172961
v 0.174967 0.489342 0.227191
v 0.150587 0.447544 -0.214454
v 0.191797 0.447544 -0.160307
v 0.150587 0.490601 -0.214454
v 0.191797 0.490601 -0.160307
v -0.201975 0.447544 -0.050595
v -0.210018 0.447544 0.063330
v -0.210018 0.490488 0.063330
v -0.201975 0.490538 -0.050595
v 0.210018 0.447544 0.063330
v 0.201975 0.447544 -0.050595
v 0.201975 0.490538 -0.050595
v 0.210018 0.490488 0.063330
v 0.028026 0.447544 -0.217373
v -0.028026 0.447544 -0.217373
v 0.088006 0.447544 -0.217360
v -0.088006 0.447544 -0.217360
v -0.028026 0.490529 -0.217373
v 0.028026 0.490529 -0.217373
v -0.088006 0.490546 -0.217360
v 0.088006 0.490546 -0.217360
v 0.031484 0.447544 0.230212
v -0.031484 0.447544 0.230212
v 0.105298 0.447544 0.230207
v -0.105298 0.447544 0.230207
v -0.031484 0.489286 0.230212
v 0.031484 0.489286 0.230212
v -0.105298 0.485513 0.230208
v 0.105298 0.485513 0.230208
v -0.183189 0.447544 -0.208179
v 0.215113 0.447543 0.220669
v 0.000000 0.490232 0.230213
v 0.067867 0.447543 0.230210
v 0.067867 0.486922 0.230211
v -0.067867 0.447543 0.230210
v 0.215113 0.490455 0.220669
v -0.215113 0.447544 0.220670
v -0.057491 0.447544 -0.217368
v -0.183189 0.490612 -0.208179
v 0.000000 0.490529 -0.217375
v -0.215113 0.490455 0.220669
v -0.000000 0.447544 0.230212
v 0.057491 0.490533 -0.217368
v 0.183189 0.490612 -0.208179
v 0.183189 0.447544 -0.208179
v -0.067867 0.486922 0.230211
v -0.000000 0.447544 -0.217375
v -0.057491 0.490533 -0.217368
v 0.057491 0.447544 -0.217368
v 0.190776 0.000000 0.209515
v 0.190776 0.447471 0.209515
v 0.190776 0.000000 0.190553
v 0.190776 0.447471 0.190553
v 0.209738 0.000000 0.209515
v 0.209738 0.447471 0.209515
v 0.209738 0.000000 0.190553
v 0.209738 0.447471 0.190553
v 0.122881 0.000000 -0.190553
v 0.122881 0.447471 -0.190553
v 0.122881 0.000000 -0.209515
v 0.122881 0.447471 -0.209515
v 0.141843 0.000000 -0.190553
v 0.141843 0.447471 -0.190553
v 0.141843 0.000000 -0.209515
v 0.141843 0.447471 -0.209515
v 0.107484 0.239837 -0.180855
v 0.113184 0.239837 -0.175156
v 0.107484 0.239837 -0.219212
v 0.113184 0.239837 -0.224912
v 0.151541 0.239837 -0.224912
v 0.157240 0.239837 -0.219212
v 0.157240 0.239837 -0.180855
v 0.151541 0.239837 -0.175156
v 0.175379 0.239837 0.219212
v 0.181078 0.239837 0.224912
v 0.175379 0.239837 0.180855
v 0.181078 0.239837 0.175156
v 0.219435 0.239837 0.175156
v 0.225135 0.239837 0.180855
v 0.225135 0.239837 0.219212
v 0.219435 0.239837 0.224912
v -0.190776 0.000000 0.209515
v -0.190776 0.447471 0.209515
v -0.190776 0.000000 0.190553
v -0.190776 0.447471 0.190553
v -0.209738 0.000000 0.209515
v -0.209738 0.447471 0.209515
v -0.209738 0.000000 0.190553
v -0.209738 0.447471 0.190553
v -0.122881 0.000000 -0.190553
v -0.122881 0.447471 -0.190553
v -0.122881 0.000000 -0.209515
v -0.122881 0.447471 -0.209515
v -0.141843 0.000000 -0.190553
v -0.141843 0.447471 -0.190553
v -0.141843 0.000000 -0.209515
v -0.141843 0.447471 -0.209515
v -0.113184 0.239837 -0.175156
v -0.107484 0.239837 -0.180855
v -0.113184 0.239837 -0.224912
v -0.107484 0.239837 -0.219212
v -0.157240 0.239837 -0.219212
v -0.151541 0.239837 -0.224912
v -0.151541 0.239837 -0.175156
v -0.157240 0.239837 -0.180855
v -0.181078 0.239837 0.224912
v -0.175379 0.239837 0.219212
v -0.181078 0.239837 0.175156
v -0.175379 0.239837 0.180855
v -0.225135 0.239837 0.180855
v -0.219435 0.239837 0.175156
v -0.219435 0.239837 0.224912
v -0.225135 0.239837 0.219212
v 0.183748 0.007335 0.210270
v 0.190020 0.007335 0.216542
v 0.190006 0.440975 0.216564
v 0.183726 0.440975 0.210285
v 0.190020 0.007335 0.183525
v 0.183748 0.007335 0.189797
v 0.183726 0.440975 0.189782
v 0.190006 0.440975 0.183503
v 0.210493 0.007335 0.216542
v 0.216765 0.007335 0.210270
v 0.216787 0.440975 0.210285
v 0.210508 0.440975 0.216564
v 0.216765 0.007335 0.189797
v 0.210493 0.007335 0.183525
v 0.210508 0.440975 0.183503
v 0.216787 0.440975 0.189782
v 0.115853 0.007335 -0.189797
v 0.122126 0.007335 -0.183525
v 0.122111 0.440975 -0.183503
v 0.115832 0.440975 -0.189782
v 0.122126 0.007335 -0.216542
v 0.115853 0.007335 -0.210270
v 0.115832 0.440975 -0.210285
v 0.122111 0.440975 -0.216564
v 0.142598 0.007335 -0.183525
v 0.148871 0.007335 -0.189797
v 0.148892 0.440975 -0.189782
v 0.142613 0.440975 -0.183503
v 0.148871 0.007335 -0.210270
v 0.142598 0.007335 -0.216542
v 0.142613 0.440975 -0.216564
v 0.148892 0.440975 -0.210285
v -0.183748 0.007335 0.210270
v -0.190020 0.007335 0.216542
v -0.190006 0.440975 0.216564
v -0.183726 0.440975 0.210285
v -0.183748 0.007335 0.189797
v -0.190020 0.007335 0.183525
v -0.183726 0.440975 0.189782
v -0.190006 0.440975 0.183503
v -0.216765 0.007335 0.210270
v -0.210493 0.007335 0.216542
v -0.216787 0.440975 0.210285
v -0.210508 0.440975 0.216564
v -0.210493 0.007335 0.183525
v -0.216765 0.007335 0.189797
v -0.210508 0.440975 0.183503
v -0.216787 0.440975 0.189782
v -0.115853 0.007335 -0.189797
v -0.122126 0.007335 -0.183525
v -0.122111 0.440975 -0.183503
v -0.115832 0.440975 -0.189782
v -0.115853 0.007335 -0.210270
v -0.122126 0.007335 -0.216542
v -0.115832 0.440975 -0.210285
v -0.122111 0.440975 -0.216564
v -0.148871 0.007335 -0.189797
v -0.142598 0.007335 -0.183525
v -0.148892 0.440975 -0.189782
v -0.142613 0.440975 -0.183503
v -0.142598 0.007335 -0.216542
v -0.148871 0.007335 -0.210270
v -0.142613 0.440975 -0.216564
v -0.148892 0.440975 -0.210285
v 0.187220 0.000000 0.200034
v 0.178228 0.239837 0.222062
v 0.187220 0.447471 0.200034
v 0.178228 0.239837 0.178005
v 0.200257 0.000000 0.186997
v 0.200257 0.447471 0.186997
v 0.222285 0.239837 0.178005
v 0.213293 0.000000 0.200034
v 0.213293 0.447471 0.200034
v 0.222285 0.239837 0.222062
v 0.200257 0.000000 0.213070
v 0.200257 0.447471 0.213070
v 0.119326 0.000000 -0.200034
v 0.110334 0.239837 -0.178005
v 0.119326 0.447471 -0.200034
v 0.110334 0.239837 -0.222062
v 0.132362 0.000000 -0.213070
v 0.132362 0.447471 -0.213070
v 0.154390 0.239837 -0.222062
v 0.145398 0.000000 -0.200034
v 0.145398 0.447471 -0.200034
v 0.154390 0.239837 -0.178005
v 0.132362 0.000000 -0.186997
v 0.132362 0.447471 -0.186997
v -0.187220 0.000000 0.200034
v -0.178228 0.239837 0.222062
v -0.187220 0.447471 0.200034
v -0.178228 0.239837 0.178005
v -0.200257 0.000000 0.186997
v -0.200257 0.447471 0.186997
v -0.222285 0.239837 0.178005
v -0.213293 0.000000 0.200034
v -0.213293 0.447471 0.200034
v -0.222285 0.239837 0.222062
v -0.200257 0.000000 0.213070
v -0.200257 0.447471 0.213070
v -0.119326 0.000000 -0.200034
v -0.110334 0.239837 -0.178005
v -0.119326 0.447471 -0.200034
v -0.110334 0.239837 -0.222062
v -0.132362 0.000000 -0.213070
v -0.132362 0.447471 -0.213070
v -0.154390 0.239837 -0.222062
v -0.145398 0.000000 -0.200034
v -0.145398 0.447471 -0.200034
v -0.154390 0.239837 -0.178005
v -0.132362 0.000000 -0.186997
v -0.132362 0.447471 -0.186997
v 0.175379 0.239837 0.200034
v 0.200257 0.239837 0.224912
v 0.200257 0.239837 0.175156
v 0.225135 0.239837 0.200034
v 0.107484 0.239837 -0.200034
v 0.132362 0.239837 -0.175156
v 0.132362 0.239837 -0.224912
v 0.157240 0.239837 -0.200034
v -0.175379 0.239837 0.200034
v -0.200257 0.239837 0.224912
v -0.200257 0.239837 0.175156
v -0.225135 0.239837 0.200034
v -0.107484 0.239837 -0.200034
v -0.132362 0.239837 -0.175156
v -0.132362 0.239837 -0.224912
v -0.157240 0.239837 -0.200034
v 0.200257 0.447471 0.200034
v 0.132362 0.447471 -0.200034
v 0.132362 0.000000 -0.200034
v 0.200257 0.000000 0.200034
v -0.200257 0.447471 0.200034
v -0.132362 0.447471 -0.200034
v -0.132362 0.000000 -0.200034
v -0.200257 0.000000 0.200034
v 0.184695 0.011364 0.215595
v 0.184670 0.437617 0.215620
v 0.184695 0.011364 0.184472
v 0.184670 0.437617 0.184447
v 0.215819 0.011364 0.215595
v 0.215843 0.437617 0.215620
v 0.215819 0.011364 0.184472
v 0.215843 0.437617 0.184447
v 0.116800 0.011364 -0.184472
v 0.116776 0.437617 -0.184447
v 0.116800 0.011364 -0.215595
v 0.116776 0.437617 -0.215620
v 0.147924 0.011364 -0.184472
v 0.147949 0.437617 -0.184447
v 0.147924 0.011364 -0.215595
v 0.147949 0.437617 -0.215620
v -0.184695 0.011364 0.215595
v -0.184670 0.437617 0.215620
v -0.184695 0.011364 0.184472
v -0.184670 0.437617 0.184447
v -0.215819 0.011364 0.215595
v -0.215843 0.437617 0.215620
v -0.215819 0.011364 0.184472
v -0.215843 0.437617 0.184447
v -0.116800 0.011364 -0.184472
v -0.116776 0.437617 -0.184447
v -0.116800 0.011364 -0.215595
v -0.116776 0.437617 -0.215620
v -0.147924 0.011364 -0.184472
v -0.147949 0.437617 -0.184447
v -0.147924 0.011364 -0.215595
v -0.147949 0.437617 -0.215620
v 0.183302 0.004582 0.200034
v 0.183281 0.443226 0.200034
v 0.200257 0.004582 0.183079
v 0.200257 0.443226 0.183058
v 0.217212 0.004582 0.200034
v 0.217232 0.443226 0.200034
v 0.200257 0.004582 0.216989
v 0.200257 0.443226 0.217009
v 0.115407 0.004582 -0.200034
v 0.115387 0.443226 -0.200034
v 0.132362 0.004582 -0.216989
v 0.132362 0.443226 -0.217009
v 0.149317 0.004582 -0.200034
v 0.149338 0.443226 -0.200034
v 0.132362 0.004582 -0.183079
v 0.132362 0.443226 -0.183058
v -0.183302 0.004582 0.200034
v -0.183281 0.443226 0.200034
v -0.200257 0.004582 0.183079
v -0.200257 0.443226 0.183058
v -0.217212 0.004582 0.200034
v -0.217232 0.443226 0.200034
v -0.200257 0.004582 0.216989
v -0.200257 0.443226 0.217009
v -0.115407 0.004582 -0.200034
v -0.115387 0.443226 -0.200034
v -0.132362 0.004582 -0.216989
v -0.132362 0.443226 -0.217009
v -0.149317 0.004582 -0.200034
v -0.149338 0.443226 -0.200034
v -0.132362 0.004582 -0.183079
v -0.132362 0.443226 -0.183058
v -0.155835 0.226903 0.012704
v -0.155835 0.239128 0.012704
v -0.153844 0.226903 0.000431
v -0.153844 0.239128 0.000431
v 0.155835 0.226903 0.012704
v 0.155835 0.239128 0.012704
v 0.153844 0.226903 0.000431
v 0.153844 0.239128 0.000431
v -0.148967 0.222883 0.012974
v -0.149573 0.226620 0.016715
v -0.149573 0.239411 0.016715
v -0.148967 0.243148 0.012974
v -0.146994 0.222883 0.000162
v -0.146412 0.226620 -0.003580
v -0.146994 0.243148 0.000162
v -0.146412 0.239411 -0.003580
v 0.148967 0.222883 0.012974
v 0.149573 0.226620 0.016715
v 0.148967 0.243148 0.012974
v 0.149573 0.239411 0.016715
v 0.146994 0.222883 0.000162
v 0.146412 0.226620 -0.003580
v 0.146994 0.243148 0.000162
v 0.146412 0.239411 -0.003580
v -0.154839 0.224611 0.006568
v -0.156209 0.233015 0.015006
v -0.154839 0.241420 0.006568
v -0.153470 0.233015 -0.001870
v 0.000000 0.220999 -0.001836
v -0.000000 0.224611 -0.005449
v 0.000000 0.245032 -0.001836
v 0.000000 0.241420 -0.005449
v 0.153470 0.233015 -0.001870
v 0.154839 0.224611 0.006568
v 0.154839 0.241420 0.006568
v 0.156209 0.233015 0.015006
v 0.000000 0.220999 0.014972
v 0.000000 0.224611 0.018584
v 0.000000 0.245032 0.014972
v 0.000000 0.241420 0.018584
v 0.000000 0.233015 0.018584
v 0.154839 0.233015 0.006568
v 0.000000 0.245032 0.006568
v -0.154839 0.233015 0.006568
v -0.000000 0.233015 -0.005449
v -0.144873 0.223471 0.016123
v -0.144873 0.242560 0.016123
v -0.141987 0.223471 -0.002988
v -0.141987 0.242560 -0.002988
v 0.144873 0.223471 0.016123
v 0.144873 0.242560 0.016123
v 0.141987 0.223471 -0.002988
v 0.141987 0.242560 -0.002988
v -0.151260 0.222577 0.006568
v -0.152947 0.233015 0.017024
v -0.151260 0.243454 0.006568
v -0.149608 0.233015 -0.003888
v -0.000000 0.222577 -0.003871
v 0.000000 0.243454 -0.003871
v 0.149608 0.233015 -0.003888
v 0.151260 0.222577 0.006568
v 0.151260 0.243454 0.006568
v 0.152947 0.233015 0.017024
v 0.000000 0.222577 0.017007
v -0.000000 0.243454 0.017007
v 0.000000 0.220999 0.006568
v 0.206330 0.226903 0.176050
v 0.206330 0.239128 0.176050
v 0.194106 0.226903 0.176050
v 0.194106 0.239128 0.176050
v 0.137336 0.226903 -0.175587
v 0.137336 0.239128 -0.175587
v 0.125112 0.226903 -0.175587
v 0.125112 0.239128 -0.175587
v -0.206330 0.226903 0.176050
v -0.206330 0.239128 0.176050
v -0.194106 0.226903 0.176050
v -0.194106 0.239128 0.176050
v -0.137336 0.226903 -0.175587
v -0.137336 0.239128 -0.175587
v -0.125112 0.226903 -0.175587
v -0.125112 0.239128 -0.175587
v 0.205113 0.222883 0.168483
v 0.208863 0.226620 0.168500
v 0.208863 0.239411 0.168500
v 0.205113 0.243148 0.168483
v 0.192353 0.222883 0.168483
v 0.188610 0.226620 0.168500
v 0.192353 0.243148 0.168483
v 0.188610 0.239411 0.168500
v 0.139089 0.222883 -0.168021
v 0.142832 0.226620 -0.168038
v 0.139089 0.243148 -0.168021
v 0.142832 0.239411 -0.168038
v 0.126328 0.222883 -0.168021
v 0.122578 0.226620 -0.168038
v 0.126328 0.243148 -0.168021
v 0.122578 0.239411 -0.168038
v -0.205113 0.222883 0.168483
v -0.208863 0.226620 0.168500
v -0.208863 0.239411 0.168500
v -0.205113 0.243148 0.168483
v -0.192353 0.222883 0.168483
v -0.188610 0.226620 0.168500
v -0.192353 0.243148 0.168483
v -0.188610 0.239411 0.168500
v -0.139089 0.222883 -0.168021
v -0.142832 0.226620 -0.168038
v -0.139089 0.243148 -0.168021
v -0.142832 0.239411 -0.168038
v -0.126328 0.222883 -0.168021
v -0.122578 0.226620 -0.168038
v -0.126328 0.243148 -0.168021
v -0.122578 0.239411 -0.168038
v 0.200218 0.224611 0.176050
v 0.208622 0.233015 0.176050
v 0.200218 0.241420 0.176050
v 0.191814 0.233015 0.176050
v 0.157367 0.220999 0.000231
v 0.153705 0.224611 0.000231
v 0.157367 0.245032 0.000231
v 0.153705 0.241420 0.000231
v 0.122820 0.233015 -0.175587
v 0.131224 0.224611 -0.175587
v 0.131224 0.241420 -0.175587
v 0.139628 0.233015 -0.175587
v 0.174075 0.220999 0.000231
v 0.177737 0.224611 0.000231
v 0.174075 0.245032 0.000231
v 0.177737 0.241420 0.000231
v -0.200218 0.224611 0.176050
v -0.208622 0.233015 0.176050
v -0.200218 0.241420 0.176050
v -0.191814 0.233015 0.176050
v -0.153705 0.224611 0.000231
v -0.157367 0.220999 0.000231
v -0.153705 0.241420 0.000231
v -0.157367 0.245032 0.000231
v -0.122820 0.233015 -0.175587
v -0.131224 0.224611 -0.175587
v -0.131224 0.241420 -0.175587
v -0.139628 0.233015 -0.175587
v -0.177737 0.224611 0.000231
v -0.174075 0.220999 0.000231
v -0.177737 0.241420 0.000231
v -0.174075 0.245032 0.000231
v 0.177737 0.233015 0.000231
v 0.131224 0.233015 -0.175587
v -0.165721 0.220999 0.000231
v 0.165721 0.245032 0.000231
v 0.200218 0.233015 0.176050
v 0.153705 0.233015 0.000231
v -0.177737 0.233015 0.000231
v -0.131224 0.233015 -0.175587
v -0.165721 0.245032 0.000231
v -0.200218 0.233015 0.176050
v -0.153705 0.233015 0.000231
v 0.207255 0.223471 0.163356
v 0.207255 0.242560 0.163356
v 0.188199 0.223471 0.163356
v 0.188199 0.242560 0.163356
v 0.143242 0.223471 -0.162894
v 0.143242 0.242560 -0.162894
v 0.124186 0.223471 -0.162894
v 0.124186 0.242560 -0.162894
v -0.207255 0.223471 0.163356
v -0.207255 0.242560 0.163356
v -0.188199 0.223471 0.163356
v -0.188199 0.242560 0.163356
v -0.143242 0.223471 -0.162894
v -0.143242 0.242560 -0.162894
v -0.124186 0.223471 -0.162894
v -0.124186 0.242560 -0.162894
v 0.199462 0.222577 0.172198
v 0.209904 0.233015 0.172222
v 0.199462 0.243454 0.172198
v 0.189029 0.233015 0.172222
v 0.155308 0.222577 0.000231
v 0.155308 0.243454 0.000231
v 0.121537 0.233015 -0.171760
v 0.131980 0.222577 -0.171736
v 0.131980 0.243454 -0.171736
v 0.142412 0.233015 -0.171760
v 0.176133 0.222577 0.000231
v 0.176133 0.243454 0.000231
v -0.199462 0.222577 0.172198
v -0.209904 0.233015 0.172222
v -0.199462 0.243454 0.172198
v -0.189029 0.233015 0.172222
v -0.155308 0.222577 0.000231
v -0.155308 0.243454 0.000231
v -0.121537 0.233015 -0.171760
v -0.131980 0.222577 -0.171736
v -0.131980 0.243454 -0.171736
v -0.142412 0.233015 -0.171760
v -0.176133 0.222577 0.000231
v -0.176133 0.243454 0.000231
v 0.165721 0.220999 0.000231
v -0.229841 0.981160 -0.216535
v -0.229841 1.024783 -0.216535
v -0.229841 0.981160 -0.238367
v -0.229841 1.024783 -0.238367
v 0.229841 0.981160 -0.216535
v 0.229841 1.024783 -0.216535
v 0.229841 0.981160 -0.238367
v 0.229841 1.024783 -0.238367
v 0.000000 0.981160 -0.280323
v 0.000000 1.024783 -0.280323
v 0.000000 0.981160 -0.247570
v 0.000000 1.024783 -0.247570
v -0.246158 0.983576 -0.210773
v -0.229841 0.983576 -0.210240
v -0.229841 1.022367 -0.210240
v -0.246158 1.022367 -0.210773
v -0.229841 0.983576 -0.244482
v -0.246158 0.983576 -0.233219
v -0.246158 1.022367 -0.233219
v -0.229841 1.022367 -0.244482
v 0.229841 0.983576 -0.210240
v 0.246158 0.983576 -0.210773
v 0.246158 1.022367 -0.210773
v 0.229841 1.022367 -0.210240
v 0.229841 0.983576 -0.244482
v 0.246158 0.983576 -0.233219
v 0.229841 1.022367 -0.244482
v 0.246158 1.022367 -0.233219
v -0.229841 1.002972 -0.203875
v -0.249833 1.002972 -0.205903
v -0.229841 1.002972 -0.242441
v -0.249833 1.002972 -0.236034
v -0.167264 0.981160 -0.260143
v 0.167264 1.024783 -0.260143
v 0.249833 1.002972 -0.236034
v 0.229841 1.002972 -0.242441
v 0.229841 1.002972 -0.203875
v 0.249833 1.002972 -0.205903
v 0.167264 0.981160 -0.228758
v -0.167264 1.024783 -0.228758
v 0.062399 0.981160 -0.277343
v 0.000000 0.982771 -0.281776
v -0.062399 1.024783 -0.277343
v -0.000000 1.023172 -0.281776
v -0.062399 0.981160 -0.244591
v -0.000000 0.982771 -0.246116
v 0.062399 1.024783 -0.244591
v 0.000000 1.023172 -0.246116
v -0.062399 0.981160 -0.277343
v -0.062399 1.024783 -0.244591
v -0.167264 1.024783 -0.260143
v -0.167264 0.981160 -0.228758
v 0.062399 1.024783 -0.277343
v 0.062399 0.981160 -0.244591
v 0.167264 0.981160 -0.260143
v 0.167264 1.024783 -0.228758
v 0.000000 1.002971 -0.283229
v 0.000000 1.002972 -0.244663
v -0.168860 1.002972 -0.224679
v 0.062401 1.002971 -0.280250
v 0.168860 1.002972 -0.224679
v -0.168860 1.002972 -0.263245
v -0.062401 1.002971 -0.241683
v 0.062401 1.002972 -0.241683
v 0.168860 1.002972 -0.263245
v -0.062401 1.002971 -0.280250
v -0.244153 0.984469 -0.206218
v -0.244153 1.021473 -0.206218
v -0.244153 0.984469 -0.238895
v -0.244153 1.021473 -0.238895
v 0.244153 0.984469 -0.206218
v 0.244153 1.021473 -0.206218
v 0.244153 0.984469 -0.238895
v 0.244153 1.021473 -0.238895
v -0.247585 1.002972 -0.203994
v -0.247585 1.002972 -0.239200
v -0.167312 0.982915 -0.262138
v 0.167312 1.023028 -0.262138
v 0.247585 1.002972 -0.239200
v 0.247585 1.002972 -0.203994
v 0.167312 0.982915 -0.226734
v -0.167312 1.023028 -0.226734
v 0.062400 0.982771 -0.278796
v -0.062400 1.023172 -0.278796
v -0.062400 0.982771 -0.243137
v 0.062400 1.023172 -0.243137
v -0.062400 0.982771 -0.278796
v -0.062400 1.023172 -0.243137
v -0.167312 1.023028 -0.262138
v -0.167312 0.982915 -0.226734
v 0.062400 1.023172 -0.278796
v 0.062400 0.982771 -0.243137
v 0.167312 0.982915 -0.262138
v 0.167312 1.023028 -0.226734
vn -0.8792 0.3087 0.3630
vn -0.9306 0.3661 -0.0002
vn -1.0000 -0.0000 -0.0005
vn -0.9701 0.0087 0.2426
vn 0.0002 0.0420 0.9991
vn 0.2479 0.0362 0.9681
vn 0.3657 0.3227 0.8730
vn 0.0001 0.3866 0.9223
vn -0.0000 0.0370 0.9993
vn -0.0000 0.3797 0.9251
vn -0.3652 0.3186 0.8747
vn -0.2480 0.0357 0.9681
vn -0.3740 -0.2551 0.8917
vn -0.0001 -0.3236 0.9462
vn -0.2464 0.0451 0.9681
vn 0.0002 -0.0420 -0.9991
vn 0.0001 0.3453 -0.9385
vn 0.3685 0.2804 -0.8863
vn 0.2424 -0.0448 -0.9691
vn -0.8801 0.3000 -0.3681
vn -0.9692 -0.0089 -0.2460
vn 0.8831 0.2890 -0.3697
vn 0.9338 0.3579 -0.0002
vn 0.9998 -0.0181 -0.0004
vn 0.9693 -0.0274 -0.2442
vn -0.3657 0.2857 -0.8858
vn -0.2414 -0.0364 -0.9698
vn -0.4166 -0.8154 -0.4020
vn -0.0036 -0.8426 -0.5385
vn -0.0027 -1.0000 0.0061
vn -0.5677 -0.8232 0.0082
vn 0.4029 -0.8245 -0.3974
vn 0.5496 -0.8354 0.0080
vn 0.4132 -0.8039 0.4279
vn -0.0038 -0.8155 0.5787
vn -0.4269 -0.7942 0.4325
vn -0.9998 0.0181 -0.0004
vn -0.9378 -0.3472 0.0002
vn -0.8869 -0.2702 0.3746
vn -0.9693 0.0276 0.2442
vn -0.0002 -0.4073 -0.9133
vn -0.3634 -0.3390 -0.8678
vn 0.8765 -0.3080 0.3700
vn 0.9230 -0.3847 0.0003
vn 0.9703 -0.0076 0.2418
vn 0.3569 -0.3518 -0.8653
vn -0.4101 0.8160 0.4074
vn 0.0013 0.8353 0.5498
vn 0.0010 1.0000 -0.0025
vn -0.5552 0.8317 -0.0034
vn 0.4152 0.8126 0.4091
vn 0.5618 0.8273 -0.0035
vn 0.4195 0.8036 -0.4222
vn 0.0013 0.8236 -0.5671
vn -0.4145 0.8071 -0.4206
vn 0.3681 -0.2689 0.8900
vn 0.8716 -0.3372 -0.3559
vn -0.8828 -0.3003 -0.3612
vn -0.9690 0.0073 -0.2471
vn 1.0000 -0.0000 -0.0005
vn 0.9306 0.3661 -0.0002
vn 0.8792 0.3087 0.3630
vn 0.9701 0.0087 0.2426
vn -0.8734 0.3257 0.3621
vn -0.9234 0.3838 -0.0002
vn -0.9994 0.0332 -0.0006
vn -0.9689 0.0405 0.2440
vn 0.3652 0.3186 0.8747
vn 0.2480 0.0357 0.9681
vn 0.0003 0.0347 0.9994
vn 0.0002 0.3767 0.9263
vn -0.3625 0.3215 0.8748
vn -0.2472 0.0417 0.9681
vn -0.3712 -0.2629 0.8905
vn -0.0000 -0.3243 0.9460
vn -0.0000 -0.0369 -0.9993
vn -0.0000 0.3523 -0.9359
vn 0.3661 0.2900 -0.8842
vn 0.2412 -0.0356 -0.9698
vn -0.8741 0.3191 -0.3663
vn -0.9684 0.0236 -0.2482
vn 0.8801 0.3000 -0.3681
vn 0.9692 -0.0089 -0.2460
vn -0.3661 0.2900 -0.8842
vn -0.2412 -0.0356 -0.9698
vn -0.4098 -0.8200 -0.3997
vn -0.0000 -0.8426 -0.5385
vn -0.0000 -1.0000 0.0061
vn -0.5586 -0.8294 0.0081
vn 0.4098 -0.8200 -0.3997
vn 0.5586 -0.8294 0.0081
vn 0.4200 -0.7991 0.4301
vn -0.0000 -0.8156 0.5786
vn -0.4200 -0.7991 0.4301
vn -0.9306 -0.3661 0.0003
vn -0.8819 -0.2893 0.3721
vn -0.0000 -0.4067 -0.9136
vn -0.3600 -0.3447 -0.8669
vn 0.8819 -0.2893 0.3721
vn 0.9306 -0.3661 0.0003
vn 0.3600 -0.3447 -0.8669
vn -0.4135 0.8126 0.4108
vn -0.0000 0.8330 0.5532
vn -0.0000 1.0000 -0.0015
vn -0.5585 0.8295 -0.0021
vn 0.4135 0.8126 0.4108
vn 0.5585 0.8295 -0.0020
vn 0.4161 0.8072 -0.4188
vn -0.0000 0.8260 -0.5637
vn -0.4161 0.8072 -0.4188
vn 0.3713 -0.2629 0.8905
vn 0.8773 -0.3188 -0.3587
vn -0.8773 -0.3188 -0.3587
vn 0.9994 -0.0332 -0.0005
vn 0.9374 0.3481 -0.0002
vn 0.8849 0.2893 0.3650
vn 0.9702 -0.0241 0.2410
vn 0.8778 0.3058 -0.3688
vn 0.9273 0.3742 -0.0002
vn 0.9998 0.0181 -0.0004
vn 0.9690 0.0073 -0.2471
vn 0.3688 0.3095 0.8765
vn 0.2493 0.0253 0.9681
vn -0.3761 -0.2515 0.8918
vn -0.0002 -0.3246 0.9459
vn -0.0001 0.3866 0.9223
vn -0.3657 0.3227 0.8730
vn -0.2479 0.0362 0.9681
vn -0.0002 0.0420 0.9991
vn 0.0002 -0.0346 -0.9994
vn 0.0002 0.3554 -0.9347
vn 0.3687 0.2870 -0.8841
vn 0.2414 -0.0411 -0.9696
vn 0.8760 0.3195 0.3613
vn 0.9693 0.0276 0.2442
vn 0.8854 0.2828 -0.3690
vn 0.9688 -0.0403 -0.2444
vn -0.3625 0.2990 -0.8827
vn -0.2401 -0.0258 -0.9704
vn -0.4213 -0.8122 -0.4036
vn -0.0059 -0.8425 -0.5386
vn -0.0045 -1.0000 0.0061
vn -0.5737 -0.8190 0.0083
vn 0.3984 -0.8273 -0.3960
vn 0.5436 -0.8393 0.0080
vn 0.4086 -0.8070 0.4263
vn -0.0063 -0.8156 0.5786
vn -0.4315 -0.7908 0.4340
vn -0.9425 -0.3342 0.0002
vn -0.8903 -0.2572 0.3758
vn -0.0003 -0.4064 -0.9137
vn -0.3653 -0.3334 -0.8691
vn 0.8725 -0.3209 0.3684
vn 0.9177 -0.3973 0.0003
vn 0.3544 -0.3550 -0.8651
vn -0.4081 0.8157 0.4101
vn 0.0030 0.8320 0.5548
vn 0.0022 1.0000 -0.0010
vn -0.5508 0.8346 -0.0014
vn 0.4197 0.8078 0.4139
vn 0.5661 0.8243 -0.0014
vn 0.4215 0.8039 -0.4196
vn 0.0031 0.8270 -0.5622
vn -0.4099 0.8119 -0.4157
vn 0.3663 -0.2746 0.8891
vn 0.8673 -0.3495 -0.3545
vn -0.8864 -0.2872 -0.3631
vn -0.9338 0.3579 -0.0002
vn -0.8831 0.2890 -0.3697
vn -0.9693 -0.0274 -0.2442
vn -0.9998 -0.0181 -0.0004
vn 0.3627 0.3280 0.8723
vn 0.2464 0.0451 0.9681
vn -0.3681 -0.2689 0.8900
vn 0.0001 -0.3236 0.9462
vn -0.0001 0.3453 -0.9385
vn 0.3657 0.2858 -0.8858
vn 0.2414 -0.0364 -0.9698
vn -0.0002 -0.0420 -0.9991
vn -0.3685 0.2804 -0.8863
vn -0.2424 -0.0448 -0.9691
vn -0.8815 0.3028 0.3624
vn -0.9703 -0.0076 0.2418
vn 0.4166 -0.8154 -0.4020
vn 0.5677 -0.8232 0.0082
vn 0.0027 -1.0000 0.0061
vn 0.0036 -0.8426 -0.5385
vn 0.4269 -0.7942 0.4325
vn 0.0038 -0.8155 0.5787
vn -0.4132 -0.8039 0.4279
vn -0.5496 -0.8354 0.0080
vn -0.4029 -0.8244 -0.3974
vn 0.0002 -0.4073 -0.9133
vn -0.3569 -0.3518 -0.8653
vn 0.9378 -0.3472 0.0002
vn 0.8828 -0.3003 -0.3612
vn 0.3634 -0.3390 -0.8678
vn -0.8716 -0.3372 -0.3559
vn -0.9230 -0.3847 0.0003
vn 0.4101 0.8160 0.4074
vn 0.5552 0.8317 -0.0034
vn -0.0010 1.0000 -0.0025
vn -0.0013 0.8353 0.5498
vn 0.4145 0.8071 -0.4206
vn -0.0013 0.8236 -0.5671
vn -0.4195 0.8036 -0.4222
vn -0.5618 0.8273 -0.0035
vn -0.4152 0.8126 0.4091
vn -0.8765 -0.3080 0.3700
vn 0.3740 -0.2551 0.8917
vn 0.8869 -0.2702 0.3746
vn 0.8741 0.3191 -0.3663
vn 0.9234 0.3838 -0.0002
vn 0.9994 0.0332 -0.0006
vn 0.9684 0.0236 -0.2482
vn -0.0002 0.3767 0.9263
vn -0.3688 0.3095 0.8765
vn -0.2493 0.0253 0.9681
vn -0.0003 0.0347 0.9994
vn 0.8734 0.3257 0.3621
vn 0.9689 0.0405 0.2440
vn -0.4097 -0.8200 -0.3997
vn 0.5585 0.8295 -0.0021
vn 0.4161 0.8071 -0.4188
vn 0.3712 -0.2629 0.8905
vn -0.9375 0.3481 -0.0002
vn -0.8853 0.2828 -0.3691
vn -0.9688 -0.0403 -0.2444
vn -0.9994 -0.0332 -0.0005
vn 0.3625 0.3215 0.8748
vn 0.2472 0.0417 0.9681
vn -0.3663 -0.2746 0.8891
vn 0.0002 -0.3246 0.9459
vn -0.0002 0.3554 -0.9347
vn 0.3625 0.2990 -0.8827
vn 0.2401 -0.0258 -0.9704
vn -0.0002 -0.0346 -0.9994
vn -0.3687 0.2870 -0.8841
vn -0.2414 -0.0411 -0.9696
vn -0.8849 0.2893 0.3650
vn -0.9702 -0.0241 0.2410
vn 0.4213 -0.8122 -0.4036
vn 0.5737 -0.8190 0.0083
vn 0.0045 -1.0000 0.0061
vn 0.0059 -0.8425 -0.5386
vn 0.4315 -0.7908 0.4340
vn 0.0063 -0.8156 0.5786
vn -0.4086 -0.8070 0.4263
vn -0.5436 -0.8393 0.0080
vn -0.3984 -0.8273 -0.3960
vn 0.0003 -0.4064 -0.9137
vn -0.3544 -0.3550 -0.8651
vn 0.9425 -0.3342 0.0002
vn 0.8864 -0.2872 -0.3631
vn 0.3653 -0.3334 -0.8691
vn -0.8673 -0.3495 -0.3545
vn -0.9177 -0.3973 0.0003
vn 0.4081 0.8157 0.4101
vn 0.5508 0.8346 -0.0014
vn -0.0022 1.0000 -0.0010
vn -0.0030 0.8320 0.5548
vn 0.4099 0.8119 -0.4157
vn -0.0031 0.8270 -0.5622
vn -0.4216 0.8039 -0.4196
vn -0.5661 0.8243 -0.0014
vn -0.4197 0.8078 0.4139
vn -0.8725 -0.3209 0.3683
vn 0.3761 -0.2515 0.8918
vn 0.7056 -0.0426 -0.7073
vn 0.7022 0.1062 -0.7040
vn 0.8903 -0.2572 0.3758
vn -0.6992 0.1607 0.6967
vn -0.7079 0.0425 0.7050
vn -0.3627 0.3280 0.8723
vn 0.7107 0.0167 0.7033
vn 0.7027 0.1450 0.6966
vn -0.8760 0.3195 0.3614
vn 0.8815 0.3028 0.3624
vn -0.7038 -0.0172 -0.7101
vn -0.6991 0.1218 -0.7046
vn -0.8778 0.3058 -0.3688
vn -0.7046 -0.0819 0.7049
vn 0.7019 -0.1138 0.7032
vn -0.7000 -0.1530 -0.6975
vn 0.6958 -0.1842 -0.6943
vn -0.7101 0.0260 0.7036
vn -0.7016 0.1472 0.6972
vn 0.7101 0.0260 0.7036
vn 0.7016 0.1472 0.6972
vn -0.7042 -0.0263 -0.7095
vn -0.7002 0.1197 -0.7039
vn 0.7042 -0.0263 -0.7095
vn 0.7002 0.1197 -0.7039
vn -0.7037 -0.0989 0.7036
vn 0.7037 -0.0989 0.7036
vn -0.6978 -0.1677 -0.6964
vn 0.6978 -0.1677 -0.6964
vn -0.7081 0.0480 0.7044
vn -0.6985 0.1612 0.6973
vn 0.7119 0.0006 0.7023
vn 0.7048 0.1281 0.6978
vn -0.7024 -0.0014 -0.7118
vn -0.6967 0.1387 -0.7038
vn 0.7046 -0.0480 -0.7080
vn 0.7026 0.1057 -0.7037
vn -0.7058 -0.0721 0.7047
vn 0.7008 -0.1262 0.7021
vn -0.7011 -0.1406 -0.6991
vn 0.6934 -0.1936 -0.6941
vn 0.7079 0.0425 0.7050
vn 0.6992 0.1607 0.6967
vn -0.7107 0.0167 0.7033
vn -0.7027 0.1450 0.6966
vn 0.7038 -0.0172 -0.7101
vn 0.6991 0.1218 -0.7046
vn -0.7056 -0.0426 -0.7073
vn -0.7022 0.1062 -0.7040
vn 0.7046 -0.0819 0.7049
vn -0.7019 -0.1138 0.7032
vn 0.7000 -0.1530 -0.6975
vn -0.6958 -0.1842 -0.6943
vn 0.7081 0.0480 0.7044
vn 0.6985 0.1612 0.6973
vn -0.7119 0.0006 0.7023
vn -0.7047 0.1281 0.6978
vn 0.7024 -0.0014 -0.7118
vn 0.6967 0.1387 -0.7038
vn -0.7046 -0.0480 -0.7080
vn -0.7026 0.1057 -0.7037
vn 0.7058 -0.0721 0.7047
vn -0.7008 -0.1262 0.7021
vn 0.7011 -0.1406 -0.6991
vn -0.6934 -0.1936 -0.6941
vn -0.9273 0.3742 -0.0002
vn -0.3400 -0.8956 -0.2870
vn -0.2519 -0.8947 -0.3688
vn -0.0000 -1.0000 -0.0000
vn -0.3829 -0.9043 -0.1888
vn -0.1213 -0.9034 -0.4113
vn -0.3965 -0.9127 -0.0993
vn -0.0001 -0.3925 -0.9198
vn -0.0001 0.3924 -0.9198
vn -0.0000 0.3921 -0.9199
vn -0.0000 -0.3922 -0.9199
vn 0.0456 -0.3840 -0.9222
vn 0.0456 0.3839 -0.9223
vn 0.2473 0.3602 -0.8995
vn 0.2473 -0.3602 -0.8995
vn 0.3997 -0.9166 0.0106
vn 0.4006 -0.9082 0.1213
vn 0.3269 -0.9020 0.2821
vn 0.1993 -0.9065 0.3722
vn 0.0912 -0.9101 0.4042
vn -0.0373 0.9993 -0.0095
vn -0.0472 0.9989 -0.0008
vn -0.0000 1.0000 -0.0028
vn -0.0000 0.9999 -0.0119
vn -0.0478 0.9238 0.3798
vn -0.0000 0.9259 0.3777
vn 0.0478 0.9238 0.3798
vn 0.0472 0.9989 -0.0008
vn 0.0373 0.9993 -0.0095
vn 0.0170 -0.9208 0.3896
vn -0.0000 -0.9254 0.3789
vn -0.0000 -0.9254 0.3790
vn -0.0125 0.9999 0.0029
vn 0.0386 0.9992 -0.0032
vn 0.0508 0.9987 0.0040
vn -0.0091 0.9999 0.0077
vn 0.0517 0.9212 0.3856
vn 0.0088 0.9154 0.4025
vn -0.0088 0.9154 0.4025
vn 0.0091 0.9999 0.0077
vn 0.0418 0.9991 0.0050
vn -0.0503 0.9099 0.4117
vn -0.0211 0.3886 0.9211
vn -0.0219 0.3804 0.9245
vn -0.0000 -0.3865 0.9223
vn -0.0000 -0.3863 0.9224
vn -0.0375 0.9993 0.0035
vn -0.0133 0.9999 0.0009
vn -0.0112 0.9999 0.0014
vn -0.0332 0.9994 0.0047
vn -0.0073 1.0000 0.0018
vn 0.3806 0.9243 -0.0292
vn 0.3814 0.9233 -0.0445
vn -0.3987 0.9170 0.0106
vn 0.0133 0.9999 0.0009
vn 0.0112 0.9999 0.0014
vn -0.3806 0.9243 -0.0292
vn 0.3987 0.9170 0.0106
vn -0.0378 0.3658 0.9299
vn -0.0408 -0.3803 0.9240
vn -0.7197 -0.3397 -0.6055
vn -0.7198 0.3396 -0.6055
vn -0.5202 0.3410 -0.7830
vn -0.5202 -0.3411 -0.7830
vn -0.0170 -0.9208 0.3896
vn -0.2473 0.3602 -0.8995
vn -0.2473 -0.3602 -0.8995
vn 0.7197 -0.3397 -0.6055
vn 0.7198 0.3396 -0.6055
vn 0.8424 0.3541 -0.4061
vn 0.8424 -0.3543 -0.4061
vn -0.0159 0.9999 0.0004
vn 0.3994 0.9087 0.1214
vn -0.0418 0.9991 0.0050
vn 0.0503 0.9099 0.4117
vn 0.1813 0.9088 0.3757
vn 0.3243 0.9027 0.2827
vn 0.9033 0.3696 -0.2178
vn 0.9033 -0.3697 -0.2178
vn -0.9033 -0.3697 -0.2178
vn -0.9033 0.3696 -0.2178
vn -0.8424 0.3541 -0.4061
vn -0.8424 -0.3543 -0.4061
vn -0.3997 -0.9166 0.0106
vn -0.4006 -0.9082 0.1213
vn -0.0912 -0.9101 0.4042
vn -0.1993 -0.9065 0.3722
vn -0.3269 -0.9020 0.2821
vn -0.0198 -0.9222 -0.3863
vn -0.0001 -0.9279 -0.3728
vn -0.0000 -0.9278 -0.3731
vn -0.1211 0.9035 -0.4112
vn -0.2519 0.8947 -0.3688
vn 0.0006 1.0000 0.0005
vn 0.0016 1.0000 0.0020
vn -0.3401 0.8955 -0.2870
vn -0.3829 0.9043 -0.1888
vn -0.3963 0.9127 -0.0992
vn 0.0029 1.0000 0.0013
vn 0.0089 0.9999 0.0061
vn 0.7096 -0.3618 0.6046
vn 0.7091 0.3619 0.6052
vn 0.4367 0.3639 0.8227
vn 0.4427 -0.3616 0.8206
vn 0.1871 0.3690 0.9104
vn 0.2036 -0.3674 0.9075
vn -0.9174 -0.3835 -0.1059
vn -0.9175 0.3833 -0.1059
vn -0.0225 0.9997 0.0077
vn -0.0029 1.0000 0.0013
vn -0.0089 0.9999 0.0061
vn 0.0375 0.9993 0.0035
vn 0.0332 0.9994 0.0047
vn 0.9174 -0.3835 -0.1059
vn 0.9175 0.3833 -0.1059
vn 0.3963 0.9127 -0.0992
vn 0.9205 -0.3844 -0.0697
vn 0.9206 0.3841 -0.0697
vn -0.9205 -0.3844 -0.0697
vn -0.9263 -0.3757 0.0295
vn -0.9264 0.3754 0.0295
vn -0.9207 0.3841 -0.0697
vn 0.0001 0.3924 -0.9198
vn 0.0001 -0.3925 -0.9198
vn -0.0000 0.9280 -0.3725
vn 0.0002 1.0000 0.0062
vn -0.0000 1.0000 0.0063
vn -0.0000 0.9280 -0.3726
vn -0.0001 0.9999 0.0172
vn -0.0000 0.9999 0.0172
vn 0.0001 0.9999 0.0172
vn -0.0002 1.0000 0.0062
vn 0.0159 0.9999 0.0004
vn -0.3994 0.9087 0.1214
vn -0.3243 0.9027 0.2827
vn -0.1813 0.9088 0.3757
vn 0.9263 -0.3757 0.0295
vn 0.9264 0.3754 0.0295
vn 0.8883 0.3678 0.2750
vn 0.8882 -0.3682 0.2750
vn -0.3814 0.9233 -0.0445
vn 0.0073 1.0000 0.0018
vn -0.2036 -0.3674 0.9075
vn -0.1871 0.3690 0.9104
vn -0.4367 0.3639 0.8227
vn -0.4427 -0.3616 0.8206
vn 0.0225 0.9997 0.0077
vn 0.0059 0.9999 0.0125
vn 0.0011 0.9999 0.0155
vn -0.0025 0.9999 0.0169
vn -0.0000 -0.9254 0.3791
vn 0.0211 0.9998 -0.0067
vn 0.0181 0.9998 -0.0001
vn -0.0187 0.9997 0.0146
vn -0.0087 0.9999 0.0132
vn -0.0194 0.9998 0.0054
vn 0.0187 0.9997 0.0146
vn -0.0011 0.9999 0.0155
vn 0.0025 0.9999 0.0169
vn 0.0087 0.9999 0.0132
vn 0.0196 0.9223 -0.3859
vn -0.0000 0.9281 -0.3722
vn -0.0007 1.0000 0.0058
vn -0.0016 1.0000 0.0044
vn 0.0194 0.9998 0.0054
vn -0.0181 0.9998 -0.0001
vn -0.0059 0.9999 0.0125
vn 0.0125 0.9999 0.0029
vn -0.0386 0.9992 -0.0032
vn -0.0211 0.9998 -0.0067
vn 0.3401 0.8955 -0.2870
vn 0.2519 0.8947 -0.3688
vn -0.0006 1.0000 0.0005
vn 0.3829 0.9043 -0.1888
vn 0.1211 0.9035 -0.4112
vn -0.0016 1.0000 0.0020
vn 0.3820 -0.9231 -0.0447
vn 0.3965 -0.9127 -0.0993
vn 0.1213 -0.9034 -0.4113
vn 0.2519 -0.8947 -0.3688
vn 0.3400 -0.8956 -0.2870
vn 0.3829 -0.9043 -0.1888
vn 0.3816 -0.9239 -0.0293
vn -0.7091 0.3619 0.6052
vn -0.7096 -0.3618 0.6046
vn -0.0000 0.3923 0.9198
vn -0.3816 -0.9239 -0.0293
vn -0.3820 -0.9231 -0.0447
vn -0.0000 0.9999 0.0110
vn -0.0508 0.9987 0.0040
vn -0.0517 0.9212 0.3856
vn 0.0211 0.3886 0.9211
vn 0.0408 -0.3803 0.9240
vn 0.0378 0.3658 0.9299
vn 0.0219 0.3804 0.9245
vn -0.0000 -0.3921 -0.9199
vn -0.0000 -0.9277 -0.3732
vn 0.0007 1.0000 0.0058
vn -0.0196 0.9223 -0.3859
vn 0.0016 1.0000 0.0044
vn -0.0000 1.0000 -0.0094
vn 0.0001 -0.9279 -0.3728
vn 0.0198 -0.9222 -0.3863
vn -0.0456 0.3839 -0.9223
vn -0.0456 -0.3840 -0.9222
vn 0.5202 0.3410 -0.7830
vn 0.5202 -0.3411 -0.7830
vn -0.8883 0.3678 0.2750
vn -0.8882 -0.3682 0.2750
vn 0.3195 0.8921 -0.3195
vn -0.0000 0.8977 -0.4405
vn -0.0000 1.0000 -0.0000
vn 0.4405 0.8977 -0.0000
vn -0.3195 0.8921 -0.3195
vn -0.4405 0.8977 -0.0000
vn -0.3195 0.8921 0.3195
vn -0.0000 0.8977 0.4405
vn 0.3195 0.8921 0.3195
vn 0.8553 -0.3948 0.3356
vn 0.9036 -0.4283 -0.0000
vn 1.0000 0.0027 -0.0000
vn 0.9716 0.0030 0.2367
vn -0.9036 -0.4283 -0.0000
vn -0.8553 -0.3948 0.3356
vn -0.9716 0.0030 0.2367
vn -1.0000 0.0027 -0.0000
vn -0.8553 -0.3948 -0.3356
vn -0.9716 0.0030 -0.2367
vn -0.8454 0.4264 0.3217
vn -0.8940 0.4481 -0.0000
vn -0.8454 0.4264 -0.3217
vn -0.0000 -0.4283 0.9036
vn 0.3356 -0.3948 0.8553
vn 0.2367 0.0030 0.9716
vn -0.0000 0.0027 1.0000
vn -0.3356 -0.3948 0.8553
vn -0.2367 0.0030 0.9716
vn -0.0000 -0.4283 -0.9036
vn -0.3356 -0.3948 -0.8553
vn -0.2367 0.0030 -0.9716
vn -0.0000 0.0027 -1.0000
vn 0.3356 -0.3948 -0.8553
vn 0.2367 0.0030 -0.9716
vn 0.8553 -0.3948 -0.3356
vn 0.9716 0.0030 -0.2367
vn 0.3217 0.4264 0.8454
vn -0.0000 0.4481 0.8940
vn -0.3217 0.4264 0.8454
vn 0.8454 0.4264 -0.3217
vn 0.8940 0.4481 -0.0000
vn 0.8454 0.4264 0.3217
vn -0.3217 0.4264 -0.8454
vn -0.0000 0.4481 -0.8940
vn 0.3217 0.4264 -0.8454
vn -0.3412 -0.8758 -0.3412
vn -0.0000 -0.8839 -0.4676
vn -0.4676 -0.8839 -0.0000
vn 0.3412 -0.8758 -0.3412
vn 0.4676 -0.8839 -0.0000
vn 0.3412 -0.8758 0.3412
vn -0.0000 -0.8839 0.4676
vn -0.3412 -0.8758 0.3412
vn -0.6882 0.2295 0.6882
vn -0.7071 0.0035 0.7071
vn 0.6882 0.2295 0.6882
vn 0.7071 0.0035 0.7071
vn -0.6937 -0.1939 0.6937
vn -0.6937 -0.1939 -0.6937
vn -0.6882 0.2295 -0.6882
vn 0.6937 -0.1939 0.6937
vn 0.6937 -0.1939 -0.6937
vn 0.6882 0.2295 -0.6882
vn 0.7071 0.0035 -0.7071
vn -0.7071 0.0035 -0.7071
vn 0.2758 -0.3927 0.8774
vn 0.3590 -0.0000 0.9334
vn -0.0000 -0.0000 1.0000
vn -0.0000 -0.2144 0.9767
vn -0.0000 1.0000 -0.0008
vn -0.3324 0.9414 -0.0574
vn -0.2747 0.8973 0.3455
vn -0.0000 0.9771 0.2130
vn -0.2758 0.3927 0.8774
vn -0.3590 -0.0000 0.9334
vn -0.0000 0.2144 0.9767
vn 0.7646 -0.4030 -0.5030
vn 0.7631 -0.0000 -0.6463
vn 0.9871 -0.0000 -0.1602
vn 0.8139 -0.5703 -0.1105
vn 0.7646 0.4030 -0.5030
vn 0.8139 0.5703 -0.1105
vn 0.8400 0.4344 0.3250
vn 0.8710 -0.0000 0.4913
vn 0.8400 -0.4344 0.3250
vn 0.2747 0.8973 0.3455
vn 0.3324 0.9414 -0.0574
vn -0.0000 -0.0000 -1.0000
vn -0.3126 -0.0000 -0.9499
vn -0.2500 0.3589 -0.8993
vn -0.0000 0.2142 -0.9768
vn -0.2509 0.8821 -0.3987
vn -0.0000 0.9766 -0.2149
vn 0.2758 0.3927 0.8774
vn -0.8400 -0.4344 0.3250
vn -0.8710 -0.0000 0.4913
vn -0.9871 -0.0000 -0.1602
vn -0.8139 -0.5703 -0.1105
vn -0.8400 0.4344 0.3250
vn -0.8139 0.5703 -0.1105
vn -0.7646 0.4030 -0.5030
vn -0.7631 -0.0000 -0.6463
vn -0.7646 -0.4030 -0.5030
vn 0.3126 -0.0000 -0.9499
vn 0.2500 -0.3589 -0.8993
vn -0.0000 -0.2142 -0.9768
vn -0.2500 -0.3589 -0.8993
vn -0.0000 -1.0000 -0.0008
vn 0.3324 -0.9414 -0.0574
vn 0.2747 -0.8973 0.3455
vn -0.0000 -0.9771 0.2130
vn 0.2500 0.3589 -0.8993
vn -0.0843 -0.7081 0.7011
vn -0.0000 -0.7078 0.7064
vn -0.2758 -0.3927 0.8774
vn -0.0000 0.7078 0.7064
vn -0.0843 0.7081 0.7011
vn -0.2747 -0.8973 0.3455
vn -0.0000 -0.7069 -0.7073
vn -0.0762 -0.7025 -0.7075
vn -0.0000 0.7069 -0.7073
vn -0.0762 0.7025 -0.7075
vn -0.2509 -0.8821 -0.3987
vn -0.0000 -0.9766 -0.2149
vn 0.0843 -0.7081 0.7011
vn 0.0843 0.7081 0.7011
vn 0.2509 -0.8821 -0.3987
vn 0.0762 -0.7025 -0.7075
vn 0.0762 0.7025 -0.7075
vn -0.3324 -0.9414 -0.0574
vn 0.2509 0.8821 -0.3987
vn 0.0062 -0.9473 0.3204
vn -0.3956 -0.9012 0.1771
vn -0.2125 -0.9763 -0.0416
vn 0.8472 -0.3608 -0.3901
vn 0.8845 -0.0000 -0.4665
vn 0.9813 -0.0000 -0.1925
vn 0.9588 -0.2134 -0.1877
vn -0.0062 0.9473 0.3204
vn 0.3956 0.9012 0.1771
vn 0.2125 0.9763 -0.0416
vn 0.9142 0.3984 0.0744
vn 0.9884 -0.0000 0.1517
vn 0.9588 0.2134 -0.1877
vn -0.4809 -0.4482 -0.7536
vn -0.6557 -0.0000 -0.7550
vn -0.0263 -0.5914 -0.8059
vn -0.4809 0.4482 -0.7536
vn -0.0263 0.5914 -0.8059
vn 0.3831 0.4122 -0.8266
vn 0.5253 -0.0000 -0.8509
vn 0.3831 -0.4122 -0.8266
vn -0.9884 -0.0000 0.1517
vn -0.9142 0.3984 0.0744
vn -0.9588 0.2134 -0.1877
vn -0.9813 -0.0000 -0.1925
vn 0.3616 -0.8841 0.2960
vn 0.2125 -0.9763 0.0416
vn -0.0062 0.9473 -0.3204
vn -0.3616 0.8841 -0.2960
vn -0.2125 0.9763 -0.0416
vn -0.3616 -0.8841 -0.2960
vn -0.0062 -0.9473 -0.3204
vn 0.3616 0.8841 -0.2960
vn 0.0062 0.9473 -0.3204
vn -0.9813 -0.0000 0.1925
vn -0.8845 -0.0000 0.4665
vn -0.8472 0.3608 0.3901
vn -0.9588 0.2134 0.1877
vn -0.3616 0.8841 0.2960
vn -0.2125 0.9763 0.0416
vn 0.8472 0.3608 -0.3901
vn 0.4809 -0.4482 0.7536
vn 0.6557 -0.0000 0.7550
vn 0.0263 -0.5914 0.8059
vn 0.4809 0.4482 0.7536
vn 0.0263 0.5914 0.8059
vn -0.3831 0.4122 0.8266
vn -0.5253 -0.0000 0.8509
vn -0.3831 -0.4122 0.8266
vn -0.9884 -0.0000 -0.1517
vn -0.9142 -0.3984 -0.0744
vn -0.9588 -0.2134 0.1877
vn -0.8472 -0.3608 0.3901
vn 0.0062 -0.9473 -0.3204
vn 0.3616 -0.8841 -0.2960
vn 0.2125 -0.9763 -0.0416
vn -0.9142 0.3984 -0.0744
vn -0.8472 0.3608 -0.3901
vn -0.8845 -0.0000 -0.4665
vn 0.0062 0.9473 0.3204
vn 0.3616 0.8841 0.2960
vn 0.2125 0.9763 0.0416
vn -0.9142 -0.3984 0.0744
vn -0.9588 -0.2134 -0.1877
vn 0.4809 -0.4482 -0.7536
vn 0.0263 -0.5914 -0.8059
vn 0.6557 -0.0000 -0.7550
vn -0.3831 -0.4122 -0.8266
vn -0.5253 -0.0000 -0.8509
vn -0.3831 0.4122 -0.8266
vn 0.0263 0.5914 -0.8059
vn 0.4809 0.4482 -0.7536
vn -0.8472 -0.3608 -0.3901
vn 0.3956 0.9012 -0.1771
vn 0.8845 -0.0000 0.4665
vn 0.8472 -0.3608 0.3901
vn 0.9588 -0.2134 0.1877
vn 0.9813 -0.0000 0.1925
vn -0.3956 0.9012 0.1771
vn -0.4809 -0.4482 0.7536
vn -0.0263 -0.5914 0.8059
vn -0.6557 -0.0000 0.7550
vn 0.3831 -0.4122 0.8266
vn 0.5253 -0.0000 0.8509
vn 0.3831 0.4122 0.8266
vn -0.0263 0.5914 0.8059
vn -0.4809 0.4482 0.7536
vn 0.8472 0.3608 0.3901
vn 0.9588 0.2134 0.1877
vn 0.3956 -0.9012 -0.1771
vn 0.9142 -0.3984 -0.0744
vn 0.9884 -0.0000 -0.1517
vn 0.9142 0.3984 -0.0744
vn 0.7042 -0.7068 -0.0678
vn 0.6959 -0.7050 -0.1364
vn 0.9142 -0.3984 0.0744
vn 0.6959 0.7050 -0.1364
vn 0.7042 0.7068 -0.0678
vn 0.3956 -0.9012 0.1771
vn -0.6959 -0.7050 0.1364
vn -0.6863 -0.7005 0.1958
vn -0.6959 0.7050 0.1364
vn -0.6863 0.7005 0.1958
vn -0.3616 -0.8841 0.2960
vn -0.2125 -0.9763 0.0416
vn 0.6863 -0.7005 -0.1958
vn 0.6863 0.7005 -0.1958
vn -0.3956 -0.9012 -0.1771
vn -0.7042 -0.7068 0.0678
vn -0.7042 0.7068 0.0678
vn -0.6959 -0.7050 -0.1364
vn -0.7042 -0.7068 -0.0678
vn -0.3956 0.9012 -0.1771
vn -0.6959 0.7051 -0.1364
vn -0.7042 0.7068 -0.0678
vn 0.6959 -0.7050 0.1364
vn 0.6863 -0.7005 0.1958
vn 0.6959 0.7051 0.1364
vn 0.6863 0.7005 0.1958
vn -0.6863 -0.7005 -0.1958
vn -0.6863 0.7005 -0.1958
vn 0.7042 -0.7068 0.0678
vn 0.7042 0.7068 0.0678
vn -0.0062 -0.9473 0.3204
vn -0.0424 0.9148 -0.4017
vn 0.0366 0.9242 0.3801
vn -0.0000 0.9183 0.3959
vn -0.0000 0.9091 -0.4165
vn 0.0932 -0.4003 -0.9116
vn -0.0000 -0.3886 -0.9214
vn 0.1024 -0.0000 -0.9947
vn 0.2307 -0.0000 -0.9730
vn 0.0932 0.4003 -0.9116
vn 0.1972 0.4515 -0.8702
vn -0.0932 0.4003 -0.9117
vn -0.0000 0.3886 -0.9214
vn -0.1024 -0.0000 -0.9947
vn -0.2263 -0.0000 0.9741
vn -0.1023 -0.0000 0.9948
vn -0.0921 -0.4130 0.9060
vn -0.1733 -0.5249 0.8333
vn 0.1357 -0.6512 0.7467
vn 0.1997 -0.0000 0.9799
vn -0.4499 -0.0000 0.8931
vn -0.2853 -0.5757 0.7662
vn 0.1733 0.5249 0.8333
vn 0.1357 0.6512 0.7467
vn 0.2263 -0.0000 0.9741
vn -0.0197 0.9822 0.1867
vn 0.0535 0.9512 0.3040
vn -0.0728 0.9480 -0.3100
vn -0.1213 0.9760 -0.1810
vn 0.0728 0.9480 -0.3100
vn -0.0535 0.9512 0.3040
vn 0.0197 0.9822 0.1867
vn 0.1213 0.9760 -0.1810
vn -0.1357 -0.6512 0.7467
vn -0.1997 -0.0000 0.9799
vn -0.0424 -0.9148 -0.4016
vn 0.0366 -0.9242 0.3801
vn 0.0535 -0.9512 0.3040
vn -0.0728 -0.9480 -0.3100
vn 0.2701 0.5278 -0.8053
vn 0.2809 -0.0000 -0.9597
vn 0.1023 -0.0000 0.9948
vn 0.1733 -0.5249 0.8333
vn 0.0921 -0.4130 0.9060
vn -0.0366 0.9242 0.3801
vn 0.0424 0.9148 -0.4017
vn -0.0921 0.4130 0.9061
vn -0.0000 0.3958 0.9184
vn -0.2307 -0.0000 -0.9730
vn -0.1972 0.4515 -0.8702
vn 0.0424 -0.9148 -0.4016
vn -0.0366 -0.9242 0.3801
vn -0.0000 -0.9183 0.3958
vn -0.0000 -0.9091 -0.4165
vn 0.0197 -0.9822 0.1867
vn -0.0535 -0.9512 0.3040
vn 0.0728 -0.9480 -0.3100
vn 0.1213 -0.9760 -0.1810
vn -0.1972 -0.4515 -0.8702
vn -0.2701 -0.5278 -0.8053
vn -0.2809 -0.0000 -0.9597
vn 0.6946 -0.6955 -0.1839
vn 0.6446 -0.7231 0.2482
vn -0.0932 -0.4003 -0.9116
vn 0.1972 -0.4515 -0.8702
vn 0.6446 0.7231 0.2482
vn 0.6946 0.6955 -0.1839
vn -0.1733 0.5249 0.8333
vn -0.1213 -0.9760 -0.1810
vn -0.0197 -0.9822 0.1867
vn -0.6446 -0.7231 0.2482
vn -0.6946 -0.6955 -0.1839
vn -0.0000 -0.3958 0.9184
vn 0.0921 0.4130 0.9060
vn -0.9455 -0.0000 0.3256
vn -0.2853 0.5757 0.7662
vn -0.6446 0.7231 0.2482
vn -0.6600 -0.0000 -0.7513
vn -0.5188 -0.5206 -0.6781
vn -0.9701 -0.0000 -0.2425
vn -0.2701 0.5278 -0.8053
vn -0.5188 0.5205 -0.6781
vn -0.6946 0.6955 -0.1839
vn 0.4499 -0.0000 0.8931
vn 0.2853 -0.5757 0.7662
vn 0.9455 -0.0000 0.3256
vn -0.1357 0.6512 0.7467
vn 0.2853 0.5757 0.7663
vn 0.6600 -0.0000 -0.7513
vn 0.5188 -0.5205 -0.6781
vn 0.2701 -0.5278 -0.8053
vn 0.9701 -0.0000 -0.2425
vn 0.5188 0.5205 -0.6781
vt 0.854196 0.491143
vt 0.849047 0.492877
vt 0.860099 0.328634
vt 0.869466 0.328256
vt 0.060540 0.210915
vt 0.072017 0.211075
vt 0.082035 0.410343
vt 0.076017 0.413171
vt 0.787116 0.328735
vt 0.800391 0.493030
vt 0.795203 0.491472
vt 0.777705 0.328793
vt 0.068650 0.010212
vt 0.075068 0.008317
vt 0.048971 0.210750
vt 0.120312 0.211783
vt 0.115948 0.412600
vt 0.109784 0.410085
vt 0.109101 0.211997
vt 0.844116 0.490655
vt 0.850816 0.329006
vt 0.102077 0.410054
vt 0.095911 0.412499
vt 0.090601 0.211568
vt 0.101819 0.211972
vt 0.122190 0.410226
vt 0.131557 0.211575
vt 0.826917 0.839842
vt 0.823473 0.830751
vt 0.836138 0.830751
vt 0.835986 0.843331
vt 0.826913 0.821659
vt 0.835993 0.818170
vt 0.845350 0.821301
vt 0.848811 0.830751
vt 0.845350 0.840206
vt 0.150329 0.210984
vt 0.134782 0.008394
vt 0.141192 0.010101
vt 0.161870 0.210509
vt 0.114896 0.010008
vt 0.121141 0.012147
vt 0.088775 0.011872
vt 0.095036 0.009838
vt 0.079344 0.211163
vt 0.108806 0.012711
vt 0.081108 0.011335
vt 0.101131 0.012663
vt 0.128808 0.011573
vt 0.138886 0.211450
vt 0.811573 0.328943
vt 0.816527 0.492284
vt 0.811459 0.490368
vt 0.802406 0.328690
vt 0.720408 0.714847
vt 0.715258 0.716531
vt 0.727152 0.552214
vt 0.736534 0.551903
vt 0.805261 0.490658
vt 0.796456 0.328675
vt 0.654242 0.552279
vt 0.666544 0.716621
vt 0.661379 0.714923
vt 0.644837 0.552002
vt 0.793075 0.165801
vt 0.798279 0.164150
vt 0.835731 0.329151
vt 0.832780 0.492338
vt 0.827780 0.490264
vt 0.826623 0.329210
vt 0.710346 0.714278
vt 0.717853 0.552517
vt 0.821525 0.490250
vt 0.820705 0.329194
vt 0.837852 0.490445
vt 0.844860 0.329097
vt 0.846833 0.164150
vt 0.852029 0.165518
vt 0.830689 0.165365
vt 0.835760 0.167177
vt 0.809435 0.166849
vt 0.814523 0.165162
vt 0.825738 0.167487
vt 0.803213 0.166488
vt 0.819498 0.167435
vt 0.841998 0.166736
vt 0.678667 0.552918
vt 0.682743 0.716116
vt 0.677677 0.714177
vt 0.669524 0.552640
vt 0.207389 0.720449
vt 0.202900 0.722451
vt 0.192437 0.572735
vt 0.200909 0.573090
vt 0.671458 0.714382
vt 0.663572 0.552550
vt 0.661041 0.388977
vt 0.666265 0.387511
vt 0.247266 0.722508
vt 0.242813 0.720408
vt 0.250420 0.572876
vt 0.258918 0.572769
vt 0.702779 0.552906
vt 0.699043 0.716061
vt 0.694033 0.714069
vt 0.693690 0.553193
vt 0.198209 0.720858
vt 0.183892 0.572372
vt 0.687758 0.714085
vt 0.687773 0.553197
vt 0.704101 0.714086
vt 0.711897 0.552621
vt 0.714790 0.387511
vt 0.720003 0.388926
vt 0.698592 0.388884
vt 0.703671 0.390565
vt 0.677377 0.390505
vt 0.682457 0.388848
vt 0.693653 0.391143
vt 0.671156 0.390037
vt 0.687408 0.391137
vt 0.709915 0.390083
vt 0.232537 0.721991
vt 0.227974 0.720175
vt 0.228353 0.573512
vt 0.236660 0.573223
vt 0.251975 0.721027
vt 0.267484 0.572657
vt 0.302715 0.723210
vt 0.298221 0.725234
vt 0.288151 0.575576
vt 0.296610 0.575914
vt 0.243879 0.424977
vt 0.248354 0.422747
vt 0.342558 0.725374
vt 0.338120 0.723212
vt 0.346143 0.575613
vt 0.354654 0.575667
vt 0.293530 0.723655
vt 0.279616 0.575231
vt 0.217701 0.722046
vt 0.213082 0.720283
vt 0.206335 0.573189
vt 0.214661 0.573355
vt 0.222267 0.720191
vt 0.222962 0.573524
vt 0.237150 0.720199
vt 0.244995 0.572934
vt 0.218863 0.423962
vt 0.223370 0.425969
vt 0.204141 0.422747
vt 0.208561 0.425108
vt 0.214238 0.425540
vt 0.229053 0.425941
vt 0.233568 0.423854
vt 0.238202 0.425367
vt 0.253104 0.424157
vt 0.327854 0.724694
vt 0.323300 0.722840
vt 0.324047 0.576086
vt 0.332368 0.575857
vt 0.199393 0.424006
vt 0.347284 0.723954
vt 0.363229 0.575720
vt 0.912307 0.970200
vt 0.907395 0.972453
vt 0.895501 0.808136
vt 0.904800 0.808439
vt 0.339986 0.427827
vt 0.344482 0.425696
vt 0.956109 0.972543
vt 0.951196 0.970303
vt 0.959081 0.808471
vt 0.968410 0.808201
vt 0.902245 0.970768
vt 0.886119 0.807825
vt 0.313044 0.724743
vt 0.308423 0.723018
vt 0.302037 0.575997
vt 0.310356 0.576047
vt 0.317600 0.722854
vt 0.318655 0.576100
vt 0.332472 0.722948
vt 0.340721 0.575626
vt 0.314950 0.426804
vt 0.319462 0.428737
vt 0.300240 0.425696
vt 0.304645 0.428053
vt 0.310329 0.428455
vt 0.325148 0.428690
vt 0.329680 0.426619
vt 0.334317 0.428156
vt 0.349224 0.427202
vt 0.939910 0.972037
vt 0.934896 0.970006
vt 0.934880 0.809119
vt 0.943986 0.808840
vt 0.295505 0.426943
vt 0.961275 0.970844
vt 0.977816 0.807924
vt 0.951496 0.645958
vt 0.956388 0.643432
vt 0.923611 0.971982
vt 0.918553 0.970008
vt 0.910756 0.808543
vt 0.919873 0.808827
vt 0.928621 0.969990
vt 0.928962 0.809115
vt 0.944977 0.970099
vt 0.953129 0.808562
vt 0.924060 0.644805
vt 0.929000 0.647065
vt 0.907863 0.643432
vt 0.912737 0.646004
vt 0.918981 0.646486
vt 0.935244 0.647058
vt 0.940195 0.644770
vt 0.945275 0.646426
vt 0.961611 0.644898
vt 0.105463 0.211979
vt 0.105936 0.406115
vt 0.902650 0.644848
vt 0.065421 0.407578
vt 0.045244 0.210785
vt 0.069659 0.411163
vt 0.075695 0.211120
vt 0.085698 0.406220
vt 0.851108 0.808277
vt 0.862647 0.806033
vt 0.859523 0.816558
vt 0.089684 0.410070
vt 0.135207 0.211510
vt 0.126176 0.406373
vt 0.859523 0.844944
vt 0.862646 0.855468
vt 0.851108 0.853243
vt 0.814530 0.816070
vt 0.812778 0.804710
vt 0.822905 0.808272
vt 0.129877 0.410460
vt 0.064431 0.013807
vt 0.822879 0.853230
vt 0.812756 0.856764
vt 0.814530 0.845432
vt 0.084734 0.015567
vt 0.145441 0.013602
vt 0.165590 0.210483
vt 0.125205 0.015872
vt 0.104967 0.016737
vt 0.872485 0.328212
vt 0.857585 0.488158
vt 0.791733 0.488591
vt 0.774672 0.328842
vt 0.799441 0.328684
vt 0.808205 0.487278
vt 0.847827 0.329049
vt 0.841099 0.487321
vt 0.823671 0.329199
vt 0.824655 0.487032
vt 0.789659 0.168770
vt 0.806178 0.169870
vt 0.855492 0.168343
vt 0.839071 0.170231
vt 0.822627 0.170735
vt 0.739554 0.551903
vt 0.723818 0.711905
vt 0.657952 0.711981
vt 0.641809 0.552011
vt 0.666563 0.552594
vt 0.674447 0.711056
vt 0.714860 0.552568
vt 0.707337 0.710940
vt 0.690736 0.553190
vt 0.690896 0.710860
vt 0.657605 0.391863
vt 0.674093 0.393503
vt 0.723438 0.391789
vt 0.706976 0.393578
vt 0.690537 0.394445
vt 0.270243 0.572687
vt 0.255117 0.718377
vt 0.247697 0.572906
vt 0.240105 0.717352
vt 0.195110 0.718143
vt 0.181138 0.572349
vt 0.203633 0.573138
vt 0.210134 0.717427
vt 0.225655 0.573514
vt 0.225120 0.717255
vt 0.196244 0.426594
vt 0.256225 0.426823
vt 0.241191 0.428106
vt 0.211224 0.428294
vt 0.226209 0.428954
vt 0.365993 0.575765
vt 0.350446 0.721329
vt 0.343423 0.575621
vt 0.335438 0.720132
vt 0.290441 0.720934
vt 0.276865 0.575191
vt 0.299333 0.575953
vt 0.305464 0.720171
vt 0.321345 0.576090
vt 0.320448 0.719909
vt 0.292349 0.429518
vt 0.352337 0.429907
vt 0.337285 0.430909
vt 0.307312 0.431238
vt 0.322296 0.431697
vt 0.980844 0.807932
vt 0.964701 0.967902
vt 0.956090 0.808516
vt 0.948206 0.966978
vt 0.898835 0.967827
vt 0.883099 0.807824
vt 0.907793 0.808490
vt 0.915316 0.966861
vt 0.931917 0.809112
vt 0.931758 0.966781
vt 0.899215 0.647711
vt 0.965048 0.647784
vt 0.948560 0.649424
vt 0.915676 0.649499
vt 0.932115 0.650367
vt 0.135937 0.413171
vt 0.142275 0.411028
vt 0.836326 0.809827
vt 0.857512 0.830754
vt 0.836313 0.851675
vt 0.815666 0.830751
vt 0.247846 0.964520
vt 0.237570 0.973763
vt 0.242110 0.954761
vt 0.256506 0.950988
vt 0.226007 0.979244
vt 0.227953 0.957491
vt 0.229898 0.934757
vt 0.245990 0.933952
vt 0.263014 0.932944
vt 0.522591 0.544152
vt 0.541328 0.544152
vt 0.541328 0.563289
vt 0.522591 0.563289
vt 0.522591 0.639243
vt 0.541328 0.639243
vt 0.541328 0.680173
vt 0.522591 0.680173
vt 0.085195 0.786894
vt 0.066671 0.787801
vt 0.067039 0.767176
vt 0.084325 0.764181
vt 0.046386 0.788766
vt 0.048877 0.771057
vt 0.055707 0.757865
vt 0.068189 0.748384
vt 0.083464 0.742376
vt 0.529276 0.080537
vt 0.528954 0.043987
vt 0.550193 0.043993
vt 0.550193 0.080525
vt 0.528711 0.008053
vt 0.550193 0.008226
vt 0.571675 0.008053
vt 0.571433 0.043987
vt 0.571111 0.080537
vt 0.147783 0.785995
vt 0.132086 0.786084
vt 0.131320 0.762108
vt 0.147464 0.761958
vt 0.115964 0.786205
vt 0.114783 0.762344
vt 0.113375 0.738814
vt 0.130416 0.738389
vt 0.147091 0.738164
vt 0.619668 0.080651
vt 0.595066 0.080576
vt 0.596044 0.044009
vt 0.621287 0.044160
vt 0.596976 0.007779
vt 0.623155 0.007919
vt 0.477232 0.007919
vt 0.479100 0.044160
vt 0.432514 0.046912
vt 0.431309 0.013682
vt 0.763494 0.230657
vt 0.761642 0.255700
vt 0.745758 0.255700
vt 0.745758 0.230657
vt 0.666680 0.081578
vt 0.694990 0.082868
vt 0.691593 0.156336
vt 0.663283 0.156381
vt 0.686071 0.233188
vt 0.722664 0.156197
vt 0.715478 0.233360
vt 0.374382 0.084228
vt 0.405397 0.082868
vt 0.408794 0.156336
vt 0.377722 0.156197
vt 0.726005 0.084228
vt 0.760531 0.281448
vt 0.745758 0.281448
vt 0.522591 0.438026
vt 0.541327 0.438026
vt 0.541327 0.461651
vt 0.522591 0.461651
vt 0.207070 0.785984
vt 0.190948 0.785941
vt 0.191598 0.761961
vt 0.208135 0.762117
vt 0.175251 0.785928
vt 0.175453 0.761890
vt 0.175710 0.738095
vt 0.192386 0.738239
vt 0.209429 0.738580
vt 0.541328 0.483380
vt 0.522591 0.483380
vt 0.522591 0.725527
vt 0.541327 0.725527
vt 0.541327 0.752050
vt 0.522591 0.752050
vt 0.694292 0.051384
vt 0.722092 0.057160
vt 0.667873 0.046912
vt 0.669077 0.013683
vt 0.692307 0.022796
vt 0.711528 0.037049
vt 0.574326 0.489347
vt 0.593062 0.489347
vt 0.593062 0.519935
vt 0.574327 0.519935
vt 0.605570 0.747850
vt 0.624306 0.747850
vt 0.624306 0.778438
vt 0.605570 0.778438
vt 0.276660 0.788207
vt 0.256371 0.787340
vt 0.255902 0.766717
vt 0.274083 0.770510
vt 0.237843 0.786523
vt 0.238602 0.763806
vt 0.239357 0.741997
vt 0.254661 0.747931
vt 0.267189 0.757351
vt 0.200117 0.982408
vt 0.187017 0.982680
vt 0.187294 0.959153
vt 0.200709 0.959015
vt 0.174288 0.982818
vt 0.174309 0.959247
vt 0.174393 0.935372
vt 0.187715 0.935317
vt 0.201481 0.935255
vt 0.452446 0.375794
vt 0.434770 0.367470
vt 0.427764 0.338475
vt 0.449391 0.342588
vt 0.419044 0.353400
vt 0.405767 0.332772
vt 0.395756 0.305247
vt 0.421757 0.306717
vt 0.446332 0.307881
vt 0.522591 0.411504
vt 0.541327 0.411504
vt 0.745758 0.036059
vt 0.764487 0.036059
vt 0.764362 0.062820
vt 0.745758 0.062820
vt 0.763496 0.090014
vt 0.745758 0.090014
vt 0.605570 0.674867
vt 0.624305 0.674867
vt 0.659035 0.233067
vt 0.678630 0.306717
vt 0.654055 0.307881
vt 0.433707 0.081578
vt 0.437103 0.156381
vt 0.574327 0.592918
vt 0.593061 0.592918
vt 0.704630 0.305247
vt 0.574327 0.669686
vt 0.593060 0.669686
vt 0.605570 0.598099
vt 0.605570 0.525720
vt 0.624302 0.525720
vt 0.624303 0.598099
vt 0.522591 0.600264
vt 0.541328 0.600264
vt 0.541328 0.619402
vt 0.522591 0.619402
vt 0.531424 0.381054
vt 0.531305 0.345067
vt 0.550193 0.345100
vt 0.550193 0.381099
vt 0.531088 0.308611
vt 0.550193 0.308625
vt 0.569299 0.308611
vt 0.569082 0.345067
vt 0.568963 0.381054
vt 0.174948 0.835625
vt 0.189848 0.835598
vt 0.188770 0.885781
vt 0.174665 0.885810
vt 0.205207 0.835576
vt 0.203337 0.885758
vt 0.406095 0.051384
vt 0.378295 0.057160
vt 0.388859 0.037049
vt 0.408080 0.022796
vt 0.574327 0.742065
vt 0.593058 0.742065
vt 0.593057 0.771056
vt 0.574327 0.771056
vt 0.384909 0.233360
vt 0.414316 0.233188
vt 0.745758 0.010868
vt 0.764488 0.010868
vt 0.745758 0.328418
vt 0.763496 0.328418
vt 0.764362 0.355611
vt 0.745758 0.355611
vt 0.441351 0.233067
vt 0.569894 0.232921
vt 0.591427 0.232927
vt 0.589640 0.308576
vt 0.161458 0.761895
vt 0.161517 0.785948
vt 0.161400 0.738080
vt 0.570506 0.156322
vt 0.593251 0.156332
vt 0.613667 0.232947
vt 0.610660 0.308533
vt 0.616689 0.156345
vt 0.486719 0.232947
vt 0.508960 0.232927
vt 0.510747 0.308576
vt 0.489727 0.308533
vt 0.608400 0.380526
vt 0.588397 0.380892
vt 0.588909 0.344970
vt 0.609392 0.344811
vt 0.483698 0.156345
vt 0.507136 0.156332
vt 0.530493 0.232921
vt 0.480719 0.080651
vt 0.505321 0.080576
vt 0.529881 0.156322
vt 0.120182 0.885960
vt 0.134749 0.885912
vt 0.136044 0.935442
vt 0.122278 0.935448
vt 0.681342 0.353400
vt 0.665617 0.367470
vt 0.672623 0.338475
vt 0.694620 0.332772
vt 0.647940 0.375794
vt 0.650996 0.342588
vt 0.118068 0.835787
vt 0.133427 0.835735
vt 0.148854 0.885873
vt 0.149366 0.935433
vt 0.148326 0.835690
vt 0.053528 0.886375
vt 0.072784 0.886219
vt 0.077764 0.934361
vt 0.060735 0.933436
vt 0.097967 0.979555
vt 0.086377 0.974130
vt 0.081745 0.955150
vt 0.095915 0.957811
vt 0.076056 0.964938
vt 0.067331 0.951448
vt 0.093859 0.935087
vt 0.048705 0.835863
vt 0.069046 0.835902
vt 0.090487 0.886100
vt 0.087580 0.835883
vt 0.254229 0.835452
vt 0.235695 0.835523
vt 0.764487 0.382372
vt 0.745758 0.382372
vt 0.745758 0.209216
vt 0.764235 0.209216
vt 0.250736 0.885787
vt 0.233032 0.885753
vt 0.274569 0.835314
vt 0.269992 0.885849
vt 0.550193 0.232921
vt 0.504343 0.044009
vt 0.503411 0.007779
vt 0.745758 0.187775
vt 0.763494 0.187775
vt 0.745758 0.136983
vt 0.760531 0.136983
vt 0.761642 0.162731
vt 0.745758 0.162731
vt 0.522591 0.581777
vt 0.541328 0.581777
vt 0.149702 0.982877
vt 0.149567 0.959307
vt 0.161938 0.959299
vt 0.161995 0.982877
vt 0.161880 0.935412
vt 0.511990 0.380892
vt 0.511478 0.344970
vt 0.491987 0.380526
vt 0.490995 0.344811
vt 0.550193 0.156317
vt 0.161759 0.885840
vt 0.136973 0.982802
vt 0.136581 0.959276
vt 0.123871 0.982593
vt 0.123166 0.959203
vt 0.161637 0.835654
vt 0.541328 0.524311
vt 0.522591 0.524311
vt 0.541327 0.701902
vt 0.522591 0.701902
vt 0.623567 0.000533
vt 0.670472 0.006746
vt 0.274799 0.886026
vt 0.267670 0.933623
vt 0.764488 0.407563
vt 0.745758 0.407563
vt 0.413785 0.357725
vt 0.399245 0.335238
vt 0.278481 0.768881
vt 0.281394 0.787678
vt 0.072619 0.967778
vt 0.063064 0.953072
vt 0.388647 0.306302
vt 0.716957 0.032653
vt 0.728831 0.054662
vt 0.056082 0.934137
vt 0.260780 0.952591
vt 0.733250 0.083431
vt 0.279387 0.835374
vt 0.251297 0.967343
vt 0.370358 0.156306
vt 0.367137 0.083431
vt 0.371556 0.054662
vt 0.377566 0.233649
vt 0.383430 0.032653
vt 0.043888 0.835946
vt 0.041649 0.788261
vt 0.044470 0.769449
vt 0.048722 0.886575
vt 0.052138 0.755032
vt 0.722821 0.233649
vt 0.711740 0.306302
vt 0.701142 0.335238
vt 0.730028 0.156306
vt 0.686602 0.357725
vt 0.571925 0.000734
vt 0.550193 0.000883
vt 0.175760 0.733248
vt 0.161389 0.733230
vt 0.528462 0.000734
vt 0.568963 0.388492
vt 0.550193 0.388537
vt 0.147017 0.733318
vt 0.174300 0.987688
vt 0.162007 0.987748
vt 0.531424 0.388492
vt 0.429915 0.006746
vt 0.476820 0.000533
vt 0.149714 0.987748
vt 0.209742 0.733773
vt 0.240431 0.737452
vt 0.082368 0.737836
vt 0.113038 0.734007
vt 0.491944 0.387900
vt 0.451325 0.382753
vt 0.226752 0.983799
vt 0.200157 0.987237
vt 0.649061 0.382753
vt 0.608443 0.387900
vt 0.123855 0.987422
vt 0.097243 0.984113
vt 0.084341 0.978033
vt 0.668740 0.373423
vt 0.136997 0.987663
vt 0.588378 0.388315
vt 0.239625 0.977655
vt 0.187016 0.987541
vt 0.431647 0.373423
vt 0.512009 0.388315
vt 0.256989 0.744005
vt 0.270744 0.754501
vt 0.192538 0.733396
vt 0.404607 0.016649
vt 0.503015 0.000410
vt 0.065842 0.744470
vt 0.695780 0.016649
vt 0.130240 0.733547
vt 0.597372 0.000410
vt 0.605570 0.496729
vt 0.624301 0.496729
vt 0.930484 0.008625
vt 0.937398 0.006562
vt 0.941898 0.163880
vt 0.929538 0.163850
vt 0.850520 0.503122
vt 0.857649 0.504368
vt 0.877451 0.661892
vt 0.864514 0.661807
vt 0.843718 0.505599
vt 0.851767 0.661719
vt 0.901959 0.299285
vt 0.895113 0.301510
vt 0.881294 0.164016
vt 0.894041 0.163928
vt 0.887962 0.300689
vt 0.868357 0.164100
vt 0.916347 0.006562
vt 0.923261 0.008625
vt 0.924206 0.163850
vt 0.911847 0.163880
vt 0.909327 0.008224
vt 0.899429 0.163906
vt 0.958457 0.005331
vt 0.965586 0.006576
vt 0.985388 0.164100
vt 0.972451 0.164016
vt 0.951655 0.007807
vt 0.959703 0.163928
vt 0.808410 0.504354
vt 0.815324 0.506416
vt 0.816269 0.661641
vt 0.803910 0.661672
vt 0.801390 0.506016
vt 0.791492 0.661698
vt 0.857846 0.798481
vt 0.850694 0.799301
vt 0.959394 0.330170
vt 0.966195 0.327694
vt 0.980189 0.486379
vt 0.967442 0.486291
vt 0.919585 0.486243
vt 0.924086 0.328925
vt 0.931000 0.330987
vt 0.931945 0.486213
vt 0.843849 0.797076
vt 0.787351 0.503122
vt 0.794153 0.505599
vt 0.786105 0.661719
vt 0.773357 0.661807
vt 0.780222 0.504368
vt 0.760420 0.661892
vt 0.829461 0.504354
vt 0.836481 0.506016
vt 0.846379 0.661698
vt 0.833961 0.661672
vt 0.822547 0.506416
vt 0.821602 0.661641
vt 0.794022 0.797076
vt 0.787177 0.799301
vt 0.780025 0.798481
vt 0.949637 0.486243
vt 0.945137 0.328925
vt 0.952157 0.330587
vt 0.962055 0.486269
vt 0.815306 0.796146
vt 0.808350 0.797899
vt 0.801295 0.796601
vt 0.836576 0.796601
vt 0.829521 0.797899
vt 0.822565 0.796146
vt 0.923243 0.298355
vt 0.916287 0.300108
vt 0.909232 0.298810
vt 0.944513 0.298810
vt 0.937457 0.300108
vt 0.954316 0.163906
vt 0.930502 0.298355
vt 0.965783 0.300689
vt 0.958631 0.301510
vt 0.951786 0.299285
vt 0.905437 0.296646
vt 0.896739 0.163917
vt 0.917065 0.330587
vt 0.907167 0.486269
vt 0.201591 0.214935
vt 0.219639 0.010280
vt 0.228411 0.013474
vt 0.218031 0.214822
vt 0.210444 0.011887
vt 0.184906 0.215044
vt 0.973521 0.623052
vt 0.966370 0.623872
vt 0.993126 0.486463
vt 0.959525 0.621647
vt 0.956046 0.619009
vt 0.964744 0.486280
vt 0.938223 0.330987
vt 0.937277 0.486213
vt 0.889033 0.486379
vt 0.903027 0.327694
vt 0.909828 0.330170
vt 0.901780 0.486291
vt 0.895898 0.328939
vt 0.876096 0.486463
vt 0.279751 0.214760
vt 0.273947 0.011868
vt 0.283001 0.014012
vt 0.295767 0.214794
vt 0.265031 0.014528
vt 0.263811 0.214721
vt 0.228242 0.389391
vt 0.219413 0.392260
vt 0.319155 0.214936
vt 0.301107 0.010280
vt 0.310302 0.011887
vt 0.335840 0.215044
vt 0.210190 0.391202
vt 0.952251 0.621172
vt 0.945196 0.622470
vt 0.973325 0.328939
vt 0.292335 0.013474
vt 0.302715 0.214822
vt 0.240994 0.214760
vt 0.246798 0.011868
vt 0.255715 0.014528
vt 0.256934 0.214721
vt 0.237744 0.014012
vt 0.224979 0.214794
vt 0.310555 0.391202
vt 0.301332 0.392260
vt 0.283123 0.388778
vt 0.274024 0.390452
vt 0.292504 0.389391
vt 0.944418 0.008224
vt 0.255692 0.388191
vt 0.246721 0.390452
vt 0.265054 0.388191
vt 0.237622 0.388778
vt 0.930981 0.620717
vt 0.924026 0.622470
vt 0.938240 0.620717
vt 0.909697 0.621647
vt 0.902852 0.623872
vt 0.916970 0.621172
vt 0.895701 0.623052
vt 0.977308 0.331359
vt 0.995899 0.486486
vt 0.873323 0.486486
vt 0.891712 0.621134
vt 0.904478 0.486280
vt 0.913176 0.619009
vt 0.934611 0.486213
vt 0.934611 0.618321
vt 0.232867 0.017404
vt 0.221510 0.214808
vt 0.339416 0.215074
vt 0.315699 0.388729
vt 0.232728 0.385988
vt 0.260373 0.214721
vt 0.260373 0.385101
vt 0.299235 0.214808
vt 0.288017 0.385988
vt 0.955939 0.333217
vt 0.969569 0.008997
vt 0.988161 0.164124
vt 0.884176 0.008997
vt 0.888159 0.006576
vt 0.865584 0.164124
vt 0.948200 0.010854
vt 0.957005 0.163917
vt 0.926872 0.011457
vt 0.926872 0.163850
vt 0.776036 0.796563
vt 0.757647 0.661915
vt 0.861835 0.796563
vt 0.880224 0.661915
vt 0.840263 0.508646
vt 0.849069 0.661709
vt 0.818936 0.509248
vt 0.818936 0.661641
vt 0.797608 0.508646
vt 0.788803 0.661709
vt 0.776239 0.506788
vt 0.861632 0.506788
vt 0.840371 0.794437
vt 0.818935 0.793750
vt 0.797500 0.794437
vt 0.905545 0.010854
vt 0.902089 0.007807
vt 0.969772 0.298772
vt 0.883973 0.298772
vt 0.948307 0.296646
vt 0.926872 0.295958
vt 0.895288 0.005331
vt 0.891914 0.331359
vt 0.913283 0.333217
vt 0.934611 0.333820
vt 0.205046 0.388729
vt 0.181330 0.215074
vt 0.260373 0.018181
vt 0.287879 0.017404
vt 0.205307 0.015008
vt 0.315439 0.015008
vt 0.977510 0.621134
vt 0.880573 0.959346
vt 0.883031 0.963554
vt 0.780607 0.968088
vt 0.780408 0.962495
vt 0.781128 0.982755
vt 0.679486 0.983688
vt 0.680989 0.979355
vt 0.780928 0.977131
vt 0.680503 0.975085
vt 0.678118 0.970835
vt 0.780805 0.973685
vt 0.880773 0.972256
vt 0.882580 0.976472
vt 0.779566 0.938798
vt 0.679227 0.945028
vt 0.681105 0.940590
vt 0.779366 0.933163
vt 0.682396 0.987982
vt 0.781328 0.988390
vt 0.880955 0.967962
vt 0.880094 0.937890
vt 0.877983 0.942222
vt 0.779766 0.944421
vt 0.681640 0.949199
vt 0.780087 0.953462
vt 0.881438 0.950729
vt 0.880013 0.955088
vt 0.780286 0.959055
vt 0.877905 0.933597
vt 0.683372 0.964216
vt 0.780347 0.960775
vt 0.680272 0.966464
vt 0.780867 0.975407
vt 0.683721 0.977165
vt 0.779827 0.946144
vt 0.684744 0.951176
vt 0.781390 0.990122
vt 0.685791 0.990122
vt 0.779888 0.947867
vt 0.681474 0.953488
vt 0.683947 0.938239
vt 0.779304 0.931432
vt 0.877321 0.957324
vt 0.877892 0.970265
vt 0.878453 0.946488
vt 0.875027 0.944414
vt 0.874904 0.931454
vt 0.678797 0.957930
vt 0.879982 0.980961
vt 0.876747 0.983336
vt 0.680528 0.962177
vt 0.530160 0.826581
vt 0.532038 0.822438
vt 0.646513 0.825579
vt 0.647419 0.831079
vt 0.878112 0.891285
vt 0.880789 0.895502
vt 0.763013 0.899961
vt 0.762845 0.894358
vt 0.764995 0.914446
vt 0.647460 0.915343
vt 0.649142 0.911118
vt 0.763756 0.908990
vt 0.648576 0.906897
vt 0.645888 0.902654
vt 0.763181 0.905566
vt 0.529190 0.813836
vt 0.531878 0.809592
vt 0.646483 0.810923
vt 0.646315 0.816529
vt 0.533362 0.830920
vt 0.648326 0.836581
vt 0.766016 0.808332
vt 0.762417 0.812371
vt 0.647058 0.807499
vt 0.648298 0.802043
vt 0.761756 0.829451
vt 0.765033 0.833750
vt 0.879115 0.904118
vt 0.882714 0.908158
vt 0.765221 0.870828
vt 0.647597 0.877164
vt 0.649867 0.872732
vt 0.765051 0.865192
vt 0.650860 0.919530
vt 0.766241 0.919910
vt 0.878444 0.899908
vt 0.882905 0.869976
vt 0.880344 0.874309
vt 0.765391 0.876455
vt 0.650334 0.881327
vt 0.764117 0.885411
vt 0.881730 0.882740
vt 0.878454 0.887039
vt 0.763211 0.890910
vt 0.880278 0.865680
vt 0.761746 0.816582
vt 0.764091 0.820987
vt 0.530762 0.801147
vt 0.534162 0.796960
vt 0.649543 0.796579
vt 0.531675 0.818197
vt 0.646147 0.822132
vt 0.761414 0.825204
vt 0.764524 0.804022
vt 0.530900 0.839326
vt 0.533636 0.835163
vt 0.648693 0.840034
vt 0.648524 0.845662
vt 0.532444 0.805371
vt 0.533170 0.843757
vt 0.648353 0.851297
vt 0.763215 0.837933
vt 0.763646 0.842180
vt 0.766207 0.846513
vt 0.763580 0.850809
vt 0.651916 0.896051
vt 0.762999 0.892632
vt 0.648373 0.898292
vt 0.763439 0.907282
vt 0.652225 0.908975
vt 0.765237 0.878185
vt 0.653889 0.883300
vt 0.766560 0.921625
vt 0.654798 0.921625
vt 0.765024 0.879908
vt 0.650059 0.885570
vt 0.653193 0.870386
vt 0.764790 0.863469
vt 0.874581 0.889253
vt 0.875079 0.902202
vt 0.879913 0.878556
vt 0.876755 0.876501
vt 0.876649 0.863536
vt 0.646301 0.823858
vt 0.535218 0.820438
vt 0.881222 0.912467
vt 0.878227 0.914760
vt 0.646741 0.809208
vt 0.535527 0.807514
vt 0.648539 0.838305
vt 0.537192 0.833190
vt 0.648093 0.853020
vt 0.536495 0.846104
vt 0.757883 0.827236
vt 0.538100 0.794865
vt 0.649862 0.794865
vt 0.758381 0.814288
vt 0.760057 0.839988
vt 0.761529 0.801729
vt 0.759951 0.852953
vt 0.646858 0.889908
vt 0.648736 0.894052
vt 0.406719 0.545901
vt 0.431482 0.543893
vt 0.431226 0.592299
vt 0.406135 0.592160
vt 0.374413 0.638499
vt 0.374413 0.591984
vt 0.389495 0.592068
vt 0.389451 0.638308
vt 0.390384 0.718145
vt 0.404592 0.638321
vt 0.405236 0.716696
vt 0.405104 0.545985
vt 0.404514 0.592151
vt 0.389964 0.545830
vt 0.447425 0.723768
vt 0.448215 0.640986
vt 0.463841 0.641030
vt 0.462850 0.722535
vt 0.462984 0.414066
vt 0.448385 0.413147
vt 0.448219 0.400275
vt 0.462173 0.403040
vt 0.433526 0.462568
vt 0.433833 0.414457
vt 0.448883 0.461018
vt 0.429040 0.415636
vt 0.431538 0.462922
vt 0.408573 0.467420
vt 0.413727 0.419638
vt 0.407189 0.716920
vt 0.430103 0.721672
vt 0.427081 0.768927
vt 0.411813 0.764756
vt 0.461005 0.770874
vt 0.446397 0.771631
vt 0.490811 0.546355
vt 0.466040 0.544052
vt 0.466294 0.462758
vt 0.489589 0.467153
vt 0.407158 0.763697
vt 0.393091 0.765577
vt 0.448754 0.543804
vt 0.464292 0.462422
vt 0.464379 0.543933
vt 0.430944 0.640705
vt 0.406206 0.638422
vt 0.432601 0.640827
vt 0.432900 0.592308
vt 0.448503 0.592395
vt 0.391782 0.466008
vt 0.406617 0.467622
vt 0.490298 0.638901
vt 0.465503 0.640930
vt 0.465783 0.592491
vt 0.490860 0.592630
vt 0.465853 0.769881
vt 0.464855 0.722221
vt 0.488198 0.718085
vt 0.481527 0.766670
vt 0.376821 0.466284
vt 0.380471 0.417826
vt 0.395015 0.418609
vt 0.480335 0.779479
vt 0.463772 0.782676
vt 0.374929 0.545472
vt 0.375426 0.717704
vt 0.428458 0.781837
vt 0.411909 0.777626
vt 0.432088 0.722047
vt 0.483458 0.418497
vt 0.467820 0.415112
vt 0.465882 0.402296
vt 0.482408 0.405676
vt 0.464108 0.592481
vt 0.433139 0.543790
vt 0.560079 0.471140
vt 0.558413 0.437578
vt 0.563517 0.437578
vt 0.569504 0.472625
vt 0.560079 0.404017
vt 0.569504 0.402533
vt 0.620048 0.437578
vt 0.621167 0.470543
vt 0.610221 0.471980
vt 0.613379 0.437578
vt 0.430560 0.402743
vt 0.434309 0.403382
vt 0.486369 0.407968
vt 0.488269 0.419313
vt 0.382267 0.406328
vt 0.396466 0.405198
vt 0.409060 0.420645
vt 0.410119 0.409326
vt 0.413966 0.406770
vt 0.621167 0.404615
vt 0.610221 0.403177
vt 0.558413 0.437579
vt 0.560079 0.404017
vt 0.569504 0.402533
vt 0.563517 0.437579
vt 0.460072 0.781890
vt 0.446088 0.784500
vt 0.431861 0.770160
vt 0.432213 0.781238
vt 0.560079 0.471140
vt 0.394393 0.779003
vt 0.380208 0.777716
vt 0.378539 0.766199
vt 0.613379 0.437579
vt 0.621167 0.404615
vt 0.620048 0.437579
vt 0.621167 0.470543
vt 0.486347 0.765907
vt 0.484322 0.777231
vt 0.408091 0.775027
vt 0.491560 0.467353
vt 0.492422 0.546454
vt 0.492465 0.592639
vt 0.491910 0.638820
vt 0.490170 0.717907
vt 0.146466 0.407367
s 1
usemtl Chair
f 113/1/1 357/2/2 269/3/3 30/4/4
f 266/5/5 15/6/6 99/7/7 350/8/8
f 270/9/9 358/10/10 114/11/11 29/12/12
f 106/13/13 356/14/14 266/5/5 13/15/15
f 268/16/16 352/17/17 104/18/18 11/19/19
f 269/3/3 357/2/2 117/20/20 26/21/21
f 103/22/22 351/23/23 267/24/24 12/25/25
f 102/26/26 352/17/17 268/16/16 9/27/27
f 7/28/28 199/29/29 289/30/30 200/31/31
f 199/29/29 8/32/32 201/33/33 289/30/30
f 289/30/30 201/33/33 6/34/34 202/35/35
f 200/31/31 289/30/30 202/35/35 5/36/36
f 265/37/37 354/38/38 105/39/39 14/40/40
f 353/41/41 109/42/42 9/27/27 268/16/16
f 107/43/43 355/44/44 267/24/24 16/45/45
f 112/46/46 353/41/41 268/16/16 11/19/19
f 1/34/47 194/35/48 290/30/49 193/33/50
f 194/35/48 2/36/51 195/31/52 290/30/49
f 290/30/49 195/31/52 4/28/53 196/29/54
f 193/33/50 290/30/49 196/29/54 3/32/55
f 266/5/5 356/14/14 108/47/56 15/6/6
f 267/24/24 355/44/44 111/48/57 12/25/25
f 110/49/58 354/38/38 265/37/37 10/50/59
f 271/51/60 359/52/61 116/53/62 32/54/63
f 129/55/64 365/56/65 273/57/66 46/58/67
f 115/59/68 358/10/10 270/9/9 31/60/69
f 274/61/70 366/62/71 130/63/72 45/64/73
f 122/65/74 364/66/75 270/9/9 29/12/12
f 272/67/76 360/68/77 120/69/78 27/70/79
f 273/57/66 365/56/65 133/71/80 42/72/81
f 119/73/82 359/52/61 271/51/60 28/74/83
f 118/75/84 360/68/77 272/67/76 25/76/85
f 23/34/86 211/35/87 291/30/88 212/33/89
f 211/35/87 24/36/90 213/31/91 291/30/88
f 291/30/88 213/31/91 22/28/92 214/29/93
f 212/33/89 291/30/88 214/29/93 21/32/94
f 269/3/3 362/77/95 121/78/96 30/4/4
f 361/79/97 125/80/98 25/76/85 272/67/76
f 123/81/99 363/82/100 271/51/60 32/54/63
f 128/83/101 361/79/97 272/67/76 27/70/79
f 17/28/102 206/29/103 292/30/104 205/31/105
f 206/29/103 18/32/106 207/33/107 292/30/104
f 292/30/104 207/33/107 20/34/108 208/35/109
f 205/31/105 292/30/104 208/35/109 19/36/110
f 270/9/9 364/66/75 124/84/111 31/60/69
f 271/51/60 363/82/100 127/85/112 28/74/83
f 126/86/113 362/77/95 269/3/3 26/21/21
f 275/87/114 367/88/115 132/89/116 48/90/117
f 149/91/118 373/92/119 277/93/120 57/94/121
f 131/95/122 366/62/71 274/61/70 47/96/123
f 138/97/124 372/98/125 274/61/70 45/64/73
f 374/99/126 147/100/127 64/101/128 278/102/129
f 276/103/130 368/104/131 136/105/132 43/106/133
f 373/92/119 145/107/134 61/108/135 277/93/120
f 135/109/136 367/88/115 275/87/114 44/110/137
f 134/111/138 368/104/131 276/103/130 41/112/139
f 39/34/140 223/35/141 293/30/142 224/33/143
f 223/35/141 40/36/144 225/31/145 293/30/142
f 293/30/142 225/31/145 38/28/146 226/29/147
f 224/33/143 293/30/142 226/29/147 37/32/148
f 273/57/66 370/113/149 137/114/150 46/58/67
f 369/115/151 141/116/152 41/112/139 276/103/130
f 139/117/153 371/118/154 275/87/114 48/90/117
f 144/119/155 369/115/151 276/103/130 43/106/133
f 33/32/156 218/33/157 294/30/158 217/29/159
f 218/33/157 34/34/160 219/35/161 294/30/158
f 294/30/158 219/35/161 36/36/162 220/31/163
f 217/29/159 294/30/158 220/31/163 35/28/164
f 274/61/70 372/98/125 140/120/165 47/96/123
f 275/87/114 371/118/154 143/121/166 44/110/137
f 142/122/167 370/113/149 273/57/66 42/72/81
f 375/123/168 151/124/169 59/125/170 279/126/171
f 146/127/172 374/99/126 278/102/129 62/128/173
f 165/129/82 381/130/61 281/131/60 73/132/83
f 156/133/174 380/134/175 278/102/129 64/101/128
f 382/135/10 163/136/11 80/137/12 282/138/9
f 381/130/61 161/139/62 77/140/63 281/131/60
f 376/141/176 150/142/177 58/143/178 280/144/179
f 152/145/180 376/141/176 280/144/179 60/146/181
f 148/147/182 375/123/168 279/126/171 63/148/183
f 55/36/184 236/31/185 295/30/186 235/35/187
f 236/31/185 53/28/188 238/29/189 295/30/186
f 295/30/186 238/29/189 54/32/190 237/33/191
f 235/35/187 295/30/186 237/33/191 56/34/192
f 280/144/179 377/149/193 160/150/194 60/146/181
f 378/151/195 158/152/196 57/94/121 277/93/120
f 157/153/197 377/149/193 280/144/179 58/143/178
f 159/154/198 379/155/199 279/126/171 59/125/170
f 49/36/200 229/31/201 296/30/202 230/35/203
f 229/31/201 51/28/204 232/29/205 296/30/202
f 296/30/202 232/29/205 52/32/206 231/33/207
f 230/35/203 296/30/202 231/33/207 50/34/208
f 379/155/199 155/156/209 63/148/183 279/126/171
f 380/134/175 154/157/210 62/128/173 278/102/129
f 383/158/2 167/159/20 75/160/21 283/161/3
f 153/162/211 378/151/195 277/93/120 61/108/135
f 162/163/68 382/135/10 282/138/9 78/164/69
f 181/165/212 389/166/213 285/167/214 89/168/215
f 172/169/74 388/170/75 282/138/9 80/137/12
f 390/171/216 179/172/217 96/173/218 286/174/219
f 389/166/213 177/175/220 93/176/221 285/167/214
f 384/177/77 166/178/78 74/179/79 284/180/76
f 168/181/84 384/177/77 284/180/76 76/182/85
f 164/183/1 383/158/2 283/161/3 79/184/4
f 71/36/90 248/31/91 297/30/88 247/35/87
f 248/31/91 69/28/92 250/29/93 297/30/88
f 297/30/88 250/29/93 70/32/94 249/33/89
f 247/35/87 297/30/88 249/33/89 72/34/222
f 284/180/76 385/185/97 176/186/98 76/182/85
f 386/187/100 174/188/112 73/132/83 281/131/60
f 173/189/101 385/185/97 284/180/76 74/179/79
f 175/190/113 387/191/95 283/161/3 75/160/21
f 65/32/106 241/33/223 298/30/104 242/29/103
f 241/33/223 67/34/224 244/35/109 298/30/104
f 298/30/104 244/35/109 68/36/110 243/31/105
f 242/29/103 298/30/104 243/31/105 66/28/102
f 387/191/95 171/192/96 79/184/4 283/161/3
f 388/170/75 170/193/225 78/164/69 282/138/9
f 391/194/226 183/195/227 91/196/228 287/197/229
f 169/198/99 386/187/100 281/131/60 77/140/63
f 178/199/230 390/171/216 286/174/219 94/200/231
f 188/201/232 396/202/233 286/174/219 96/173/218
f 392/203/234 182/204/235 90/205/236 288/206/237
f 184/207/238 392/203/234 288/206/237 92/208/239
f 180/209/240 391/194/226 287/197/229 95/210/241
f 87/36/242 260/31/243 299/30/244 259/35/245
f 260/31/243 85/28/246 262/29/247 299/30/244
f 299/30/244 262/29/247 86/32/248 261/33/249
f 259/35/245 299/30/244 261/33/249 88/34/250
f 288/206/237 393/211/251 192/212/252 92/208/239
f 394/213/253 190/214/254 89/168/215 285/167/214
f 189/215/255 393/211/251 288/206/237 90/205/236
f 191/216/256 395/217/257 287/197/229 91/196/228
f 81/34/258 253/35/259 300/30/260 254/33/261
f 253/35/259 83/36/262 256/31/263 300/30/260
f 300/30/260 256/31/263 84/28/264 255/29/265
f 254/33/261 300/30/260 255/29/265 82/32/266
f 395/217/257 187/218/267 95/210/241 287/197/229
f 396/202/233 186/219/268 94/200/231 286/174/219
f 103/22/22 12/25/25 198/220/269 304/221/270
f 185/222/271 394/213/253 285/167/214 93/176/221
f 301/223/272 203/224/273 13/15/15 98/225/274
f 204/226/275 302/227/276 99/7/7 15/6/6
f 1/34/47 97/228/277 301/229/272 98/230/274
f 16/45/45 100/231/278 302/227/276 204/226/275
f 197/232/279 303/233/280 102/26/26 9/27/27
f 2/36/51 99/234/7 302/235/276 100/236/278
f 3/32/55 102/237/26 303/238/280 101/239/281
f 101/240/281 303/233/280 197/232/279 10/50/59
f 304/221/270 198/220/269 11/19/19 104/18/18
f 203/224/273 305/241/282 106/13/13 13/15/15
f 4/28/53 103/242/22 304/243/270 104/244/18
f 107/43/43 16/45/45 204/226/275 306/245/283
f 5/36/36 106/234/13 305/235/282 105/236/39
f 14/40/40 105/39/39 305/246/282 203/247/273
f 306/245/283 204/226/275 15/6/6 108/47/56
f 110/49/58 10/50/59 197/232/279 307/248/284
f 6/34/34 107/228/43 306/229/283 108/230/56
f 198/220/269 308/249/285 112/46/46 11/19/19
f 7/28/28 110/242/58 307/243/284 109/244/42
f 307/248/284 197/232/279 9/27/27 109/42/42
f 113/1/1 30/4/4 215/250/286 309/251/287
f 8/32/32 112/237/46 308/238/285 111/239/57
f 12/25/25 111/48/57 308/249/285 198/220/269
f 309/252/287 215/253/286 29/12/12 114/11/11
f 216/254/288 310/255/289 115/59/68 31/60/69
f 17/28/102 113/242/1 309/243/287 114/244/11
f 32/54/63 116/53/62 310/255/289 216/254/288
f 209/256/290 311/257/291 118/75/84 25/76/85
f 18/32/106 115/237/68 310/238/289 116/239/62
f 119/73/82 28/74/83 210/258/292 312/259/293
f 19/36/110 118/234/84 311/235/291 117/236/20
f 26/21/21 117/20/20 311/257/291 209/256/290
f 312/259/293 210/258/292 27/70/79 120/69/78
f 215/253/286 313/260/294 122/65/74 29/12/12
f 20/34/108 119/228/82 312/229/293 120/230/78
f 123/81/99 32/54/63 216/254/288 314/261/295
f 21/32/94 122/237/74 313/238/294 121/239/96
f 30/4/4 121/78/96 313/262/294 215/250/286
f 314/261/295 216/254/288 31/60/69 124/84/111
f 126/86/113 26/21/21 209/256/290 315/263/296
f 22/28/92 123/242/99 314/243/295 124/244/111
f 210/258/292 316/264/297 128/83/101 27/70/79
f 23/34/86 126/228/113 315/229/296 125/230/98
f 315/263/296 209/256/290 25/76/85 125/80/98
f 129/55/64 46/58/67 227/265/298 317/266/299
f 24/36/90 128/234/101 316/235/297 127/236/112
f 28/74/83 127/85/112 316/264/297 210/258/292
f 317/267/299 227/268/298 45/64/73 130/63/72
f 228/269/300 318/270/301 131/95/122 47/96/123
f 33/32/156 129/237/64 317/238/299 130/239/72
f 48/90/117 132/89/116 318/270/301 228/269/300
f 221/271/302 319/272/303 134/111/138 41/112/139
f 34/34/160 131/228/122 318/229/301 132/230/116
f 135/109/136 44/110/137 222/273/304 320/274/305
f 35/28/164 134/242/138 319/243/303 133/244/80
f 42/72/81 133/71/80 319/272/303 221/271/302
f 320/274/305 222/273/304 43/106/133 136/105/132
f 227/268/298 321/275/306 138/97/124 45/64/73
f 36/36/162 135/234/136 320/235/305 136/236/132
f 139/117/153 48/90/117 228/269/300 322/276/307
f 37/32/148 138/237/124 321/238/306 137/239/150
f 46/58/67 137/114/150 321/277/306 227/265/298
f 322/276/307 228/269/300 47/96/123 140/120/165
f 142/122/167 42/72/81 221/271/302 323/278/308
f 38/28/146 139/242/153 322/243/307 140/244/165
f 222/273/304 324/279/309 144/119/155 43/106/133
f 39/34/140 142/228/167 323/229/308 141/230/152
f 323/278/308 221/271/302 41/112/139 141/116/152
f 146/127/172 62/128/173 239/280/310 325/281/311
f 40/36/144 144/234/155 324/235/309 143/236/166
f 44/110/137 143/121/166 324/279/309 222/273/304
f 240/282/312 326/283/313 148/147/182 63/148/183
f 49/36/200 146/234/172 325/235/311 145/236/134
f 325/284/311 239/285/310 61/108/135 145/107/134
f 233/286/314 327/287/315 149/91/118 57/94/121
f 50/34/208 148/228/182 326/229/313 147/230/127
f 64/101/128 147/100/127 326/283/313 240/282/312
f 58/143/178 150/142/177 327/287/315 233/286/314
f 152/145/180 60/146/181 234/288/316 328/289/317
f 51/28/204 149/242/118 327/243/315 150/244/177
f 239/285/310 329/290/318 153/162/211 61/108/135
f 52/32/206 152/237/180 328/238/317 151/239/169
f 328/289/317 234/288/316 59/125/170 151/124/169
f 62/128/173 154/157/210 329/291/318 239/280/310
f 156/133/174 64/101/128 240/282/312 330/292/319
f 53/28/188 153/242/211 329/243/318 154/244/210
f 157/153/197 58/143/178 233/286/314 331/293/320
f 54/32/190 156/237/174 330/238/319 155/239/209
f 330/292/319 240/282/312 63/148/183 155/156/209
f 331/293/320 233/286/314 57/94/121 158/152/196
f 234/288/316 332/294/321 159/154/198 59/125/170
f 55/36/184 157/234/197 331/235/320 158/236/196
f 60/146/181 160/150/194 332/294/321 234/288/316
f 162/163/68 78/164/69 251/295/288 333/296/289
f 56/34/192 159/228/198 332/229/321 160/230/194
f 252/297/286 334/298/287 164/183/1 79/184/4
f 65/32/106 162/237/68 333/238/289 161/239/62
f 333/299/289 251/300/288 77/140/63 161/139/62
f 245/301/292 335/302/293 165/129/82 73/132/83
f 66/28/102 164/242/1 334/243/287 163/244/11
f 80/137/12 163/136/11 334/298/287 252/297/286
f 74/179/79 166/178/78 335/302/293 245/301/292
f 168/181/84 76/182/85 246/303/290 336/304/291
f 67/34/224 165/228/82 335/229/293 166/230/78
f 251/300/288 337/305/295 169/198/99 77/140/63
f 68/36/110 168/234/84 336/235/291 167/236/20
f 336/304/291 246/303/290 75/160/21 167/159/20
f 78/164/69 170/193/225 337/306/295 251/295/288
f 172/169/74 80/137/12 252/297/286 338/307/294
f 69/28/92 169/242/99 337/243/295 170/244/225
f 173/189/101 74/179/79 245/301/292 339/308/297
f 70/32/94 172/237/74 338/238/294 171/239/96
f 338/307/294 252/297/286 79/184/4 171/192/96
f 339/308/297 245/301/292 73/132/83 174/188/112
f 246/303/290 340/309/296 175/190/113 75/160/21
f 71/36/90 173/234/101 339/235/297 174/236/112
f 76/182/85 176/186/98 340/309/296 246/303/290
f 178/199/230 94/200/231 263/310/322 341/311/323
f 72/34/222 175/228/113 340/229/296 176/230/98
f 264/312/324 342/313/325 180/209/240 95/210/241
f 81/34/258 178/228/230 341/229/323 177/230/220
f 341/314/323 263/315/322 93/176/221 177/175/220
f 257/316/326 343/317/327 181/165/212 89/168/215
f 82/32/266 180/237/240 342/238/325 179/239/217
f 96/173/218 179/172/217 342/313/325 264/312/324
f 90/205/236 182/204/235 343/317/327 257/316/326
f 184/207/238 92/208/239 258/318/328 344/319/329
f 83/36/262 181/234/212 343/235/327 182/236/235
f 263/315/322 345/320/330 185/222/271 93/176/221
f 84/28/264 184/242/238 344/243/329 183/244/227
f 344/319/329 258/318/328 91/196/228 183/195/227
f 94/200/231 186/219/268 345/321/330 263/310/322
f 188/201/232 96/173/218 264/312/324 346/322/331
f 85/28/246 185/242/271 345/243/330 186/244/268
f 189/215/255 90/205/236 257/316/326 347/323/332
f 86/32/248 188/237/232 346/238/331 187/239/267
f 346/322/331 264/312/324 95/210/241 187/218/267
f 347/323/332 257/316/326 89/168/215 190/214/254
f 258/318/328 348/324/333 191/216/256 91/196/228
f 87/36/242 189/234/255 347/235/332 190/236/254
f 92/208/239 192/212/252 348/324/333 258/318/328
f 10/50/59 265/37/37 349/325/334 101/240/281
f 88/34/250 191/228/256 348/229/333 192/230/252
f 349/325/334 265/37/37 14/40/40 97/326/277
f 266/5/5 350/8/8 98/225/274 13/15/15
f 349/327/334 97/228/277 1/34/47 193/33/50
f 101/239/281 349/327/334 193/33/50 3/32/55
f 267/24/24 351/23/23 100/231/278 16/45/45
f 350/328/8 99/234/7 2/36/51 194/35/48
f 98/230/274 350/328/8 194/35/48 1/34/47
f 351/329/23 103/242/22 4/28/53 195/31/52
f 100/236/278 351/329/23 195/31/52 2/36/51
f 352/330/17 102/237/26 3/32/55 196/29/54
f 104/244/18 352/330/17 196/29/54 4/28/53
f 8/32/32 199/29/29 353/330/41 112/237/46
f 199/29/29 7/28/28 109/244/42 353/330/41
f 354/329/38 110/242/58 7/28/28 200/31/31
f 105/236/39 354/329/38 200/31/31 5/36/36
f 355/327/44 107/228/43 6/34/34 201/33/33
f 111/239/57 355/327/44 201/33/33 8/32/32
f 356/328/14 106/234/13 5/36/36 202/35/35
f 108/230/56 356/328/14 202/35/35 6/34/34
f 357/329/2 113/242/1 17/28/102 205/31/105
f 117/236/20 357/329/2 205/31/105 19/36/110
f 358/330/10 115/237/68 18/32/106 206/29/103
f 114/244/11 358/330/10 206/29/103 17/28/102
f 359/327/61 119/228/82 20/34/108 207/33/107
f 116/239/62 359/327/61 207/33/107 18/32/106
f 360/328/77 118/234/84 19/36/110 208/35/109
f 120/230/78 360/328/77 208/35/109 20/34/108
f 24/36/90 211/35/87 361/328/97 128/234/101
f 211/35/87 23/34/86 125/230/98 361/328/97
f 362/327/95 126/228/113 23/34/86 212/33/89
f 121/239/96 362/327/95 212/33/89 21/32/94
f 363/329/100 123/242/99 22/28/92 213/31/91
f 127/236/112 363/329/100 213/31/91 24/36/90
f 364/330/75 122/237/74 21/32/94 214/29/93
f 124/244/111 364/330/75 214/29/93 22/28/92
f 365/330/65 129/237/64 33/32/156 217/29/159
f 133/244/80 365/330/65 217/29/159 35/28/164
f 366/327/71 131/228/122 34/34/160 218/33/157
f 130/239/72 366/327/71 218/33/157 33/32/156
f 367/328/115 135/234/136 36/36/162 219/35/161
f 132/230/116 367/328/115 219/35/161 34/34/160
f 368/329/131 134/242/138 35/28/164 220/31/163
f 136/236/132 368/329/131 220/31/163 36/36/162
f 40/36/144 223/35/141 369/328/151 144/234/155
f 223/35/141 39/34/140 141/230/152 369/328/151
f 370/327/149 142/228/167 39/34/140 224/33/143
f 137/239/150 370/327/149 224/33/143 37/32/148
f 371/329/154 139/242/153 38/28/146 225/31/145
f 143/236/166 371/329/154 225/31/145 40/36/144
f 372/330/125 138/237/124 37/32/148 226/29/147
f 140/244/165 372/330/125 226/29/147 38/28/146
f 51/28/204 229/31/201 373/329/119 149/242/118
f 229/31/201 49/36/200 145/236/134 373/329/119
f 49/36/200 230/35/203 374/328/126 146/234/172
f 230/35/203 50/34/208 147/230/127 374/328/126
f 50/34/208 231/33/207 375/327/168 148/228/182
f 231/33/207 52/32/206 151/239/169 375/327/168
f 52/32/206 232/29/205 376/330/176 152/237/180
f 232/29/205 51/28/204 150/244/177 376/330/176
f 377/328/193 157/234/197 55/36/184 235/35/187
f 160/230/194 377/328/193 235/35/187 56/34/192
f 53/28/188 236/31/185 378/329/195 153/242/211
f 236/31/185 55/36/184 158/236/196 378/329/195
f 56/34/192 237/33/191 379/327/199 159/228/198
f 237/33/191 54/32/190 155/239/209 379/327/199
f 54/32/190 238/29/189 380/330/175 156/237/174
f 238/29/189 53/28/188 154/244/210 380/330/175
f 67/34/224 241/33/223 381/327/61 165/228/82
f 241/33/223 65/32/106 161/239/62 381/327/61
f 65/32/106 242/29/103 382/330/10 162/237/68
f 242/29/103 66/28/102 163/244/11 382/330/10
f 66/28/102 243/31/105 383/329/2 164/242/1
f 243/31/105 68/36/110 167/236/20 383/329/2
f 68/36/110 244/35/109 384/328/77 168/234/84
f 244/35/109 67/34/224 166/230/78 384/328/77
f 385/328/97 173/234/101 71/36/90 247/35/87
f 176/230/98 385/328/97 247/35/87 72/34/222
f 69/28/92 248/31/91 386/329/100 169/242/99
f 248/31/91 71/36/90 174/236/112 386/329/100
f 72/34/222 249/33/89 387/327/95 175/228/113
f 249/33/89 70/32/94 171/239/96 387/327/95
f 70/32/94 250/29/93 388/330/75 172/237/74
f 250/29/93 69/28/92 170/244/225 388/330/75
f 83/36/262 253/35/259 389/328/213 181/234/212
f 253/35/259 81/34/258 177/230/220 389/328/213
f 81/34/258 254/33/261 390/327/216 178/228/230
f 254/33/261 82/32/266 179/239/217 390/327/216
f 82/32/266 255/29/265 391/330/226 180/237/240
f 255/29/265 84/28/264 183/244/227 391/330/226
f 84/28/264 256/31/263 392/329/234 184/242/238
f 256/31/263 83/36/262 182/236/235 392/329/234
f 393/328/251 189/234/255 87/36/242 259/35/245
f 192/230/252 393/328/251 259/35/245 88/34/250
f 85/28/246 260/31/243 394/329/253 185/242/271
f 260/31/243 87/36/242 190/236/254 394/329/253
f 88/34/250 261/33/249 395/327/257 191/228/256
f 261/33/249 86/32/248 187/239/267 395/327/257
f 86/32/248 262/29/247 396/330/233 188/237/232
f 262/29/247 85/28/246 186/244/268 396/330/233
f 449/331/335 598/332/336 661/333/337 573/334/338
f 598/332/336 515/335/339 625/336/337 661/333/337
f 661/333/337 625/336/337 430/337/337 626/338/337
f 573/334/338 661/333/337 626/338/337 461/339/340
f 599/340/341 604/341/342 497/342/343 496/343/344
f 512/344/345 521/345/346 524/346/347 509/347/348
f 444/348/337 630/349/337 662/350/337 629/351/337
f 630/349/337 477/352/349 577/353/350 662/350/337
f 662/350/337 577/353/350 453/354/351 613/355/352
f 629/351/337 662/350/337 613/355/352 529/356/353
f 404/357/354 657/358/355 663/359/356 541/360/357
f 657/358/355 505/361/358 582/362/359 663/359/356
f 663/359/356 582/362/359 508/363/360 658/364/361
f 541/360/357 663/359/356 658/364/361 403/365/362
f 412/366/337 554/367/337 664/368/337 653/369/337
f 554/367/337 443/370/337 655/371/337 664/368/337
f 664/368/337 655/371/337 532/372/363 617/373/364
f 653/369/337 664/368/337 617/373/364 501/374/365
f 420/375/366 555/376/367 665/377/368 660/378/369
f 555/376/367 403/365/362 658/364/361 665/377/368
f 665/377/368 658/364/361 508/363/360 619/379/370
f 660/378/369 665/377/368 619/379/370 533/380/371
f 540/381/372 659/382/373 623/383/374 537/384/375
f 506/385/376 612/386/377 607/387/378 503/388/379
f 419/389/380 631/390/381 644/391/382 418/392/383
f 643/393/384 644/391/382 489/394/385 487/395/386
f 469/396/387 624/397/388 639/398/389 471/399/390
f 644/391/382 631/390/381 492/400/391 489/394/385
f 607/387/378 612/386/377 539/401/392 526/402/393
f 450/403/394 452/404/395 602/405/396 597/406/397
f 436/407/337 553/408/337 666/409/337 656/410/337
f 553/408/337 411/411/337 654/412/337 666/409/337
f 666/409/337 654/412/337 504/413/365 608/414/364
f 656/410/337 666/409/337 608/414/364 525/415/398
f 597/406/397 602/405/396 517/416/399 516/417/400
f 458/418/401 460/419/402 580/420/403 570/421/404
f 492/400/391 631/390/381 667/422/405 571/423/406
f 631/390/381 419/389/380 632/424/407 667/422/405
f 667/422/405 632/424/407 536/425/408 615/426/409
f 571/423/406 667/422/405 615/426/409 455/427/410
f 570/428/404 580/429/403 486/430/411 483/431/412
f 462/432/413 475/433/414 568/434/415 574/435/416
f 468/436/417 621/437/337 668/438/337 565/439/418
f 621/437/337 435/440/337 622/441/337 668/438/337
f 668/438/337 622/441/337 528/442/419 606/443/420
f 565/439/418 668/438/337 606/443/420 445/444/421
f 514/445/422 600/446/423 669/447/337 648/448/337
f 600/446/423 495/449/424 646/450/337 669/447/337
f 669/447/337 646/450/337 406/451/337 550/452/337
f 648/448/337 669/447/337 550/452/337 429/453/337
f 518/454/425 601/455/426 670/456/427 627/457/428
f 601/455/426 451/458/429 567/459/430 670/456/427
f 670/456/427 567/459/430 476/460/431 628/461/432
f 627/457/428 670/456/427 628/461/432 421/462/433
f 574/463/416 568/464/415 452/404/395 450/403/394
f 454/465/434 456/466/435 616/467/436 614/468/437
f 614/468/437 616/467/436 535/469/438 530/470/439
f 462/432/413 464/471/440 474/472/441 475/433/414
f 416/473/442 643/393/384 636/474/443 414/475/444
f 639/398/389 624/397/388 428/476/445 425/477/446
f 482/478/447 483/431/412 486/430/411 488/479/448
f 636/474/443 643/393/384 487/395/386 485/480/449
f 480/481/450 482/478/447 488/479/448 490/482/451
f 466/483/452 467/484/453 470/485/454 472/486/455
f 493/487/344 500/488/343 596/489/456 593/490/457
f 498/491/458 649/492/459 671/493/460 585/494/461
f 649/492/459 397/495/462 543/496/463 671/493/460
f 671/493/460 543/496/463 398/497/464 650/498/465
f 585/494/461 671/493/460 650/498/465 499/499/458
f 410/500/337 562/501/337 561/502/337 408/503/337
f 411/411/337 553/408/337 562/501/337 410/500/337
f 561/502/337 562/501/337 433/504/337 431/505/337
f 464/471/440 466/483/452 472/486/455 474/472/441
f 562/501/337 553/408/337 436/407/337 433/504/337
f 428/476/445 624/397/388 672/506/466 623/383/374
f 624/397/388 469/396/387 575/507/467 672/506/466
f 672/506/466 575/507/467 447/508/468 609/509/469
f 623/383/374 672/506/466 609/509/469 537/384/375
f 593/490/457 596/489/456 521/345/346 512/344/345
f 478/510/470 480/481/450 490/482/451 491/511/471
f 478/510/470 491/511/471 572/512/472 578/513/473
f 473/514/474 640/515/475 628/461/432 476/460/431
f 578/516/473 572/517/472 456/466/435 454/465/434
f 527/518/476 538/519/477 610/520/478 605/521/479
f 471/399/390 639/398/389 640/515/475 473/514/474
f 628/461/432 640/515/475 423/522/480 421/462/433
f 408/503/337 561/502/337 550/452/337 406/451/337
f 640/515/475 639/398/389 425/477/446 423/522/480
f 400/523/481 557/524/482 552/525/483 398/497/464
f 550/452/337 561/502/337 431/505/337 429/453/337
f 412/366/337 653/369/337 673/526/337 542/527/337
f 653/369/337 501/374/365 584/528/484 673/526/337
f 673/526/337 584/528/484 504/413/365 654/412/337
f 542/527/337 673/526/337 654/412/337 411/411/337
f 402/529/485 558/530/486 557/524/482 400/523/481
f 552/525/483 557/524/482 415/531/487 413/532/488
f 403/365/362 555/376/367 558/530/486 402/529/485
f 557/524/482 558/530/486 417/533/489 415/531/487
f 424/534/490 559/535/491 551/536/492 422/537/493
f 558/530/486 555/376/367 420/375/366 417/533/489
f 522/538/494 595/539/495 674/540/496 652/541/497
f 595/539/495 499/499/458 650/498/465 674/540/496
f 674/540/496 650/498/465 398/497/464 552/525/483
f 652/541/497 674/540/496 552/525/483 413/532/488
f 426/542/498 560/543/499 559/535/491 424/534/490
f 551/536/492 559/535/491 399/544/500 397/495/462
f 427/545/501 556/546/502 560/543/499 426/542/498
f 559/535/491 560/543/499 401/547/503 399/544/500
f 440/548/337 563/549/337 549/550/337 438/551/337
f 560/543/499 556/546/502 404/357/354 401/547/503
f 459/552/504 591/553/505 675/554/506 579/555/507
f 591/553/505 523/556/508 635/557/509 675/554/506
f 675/554/506 635/557/509 414/475/444 636/474/443
f 579/555/507 675/554/506 636/474/443 485/480/449
f 442/558/337 564/559/337 563/549/337 440/548/337
f 549/550/337 563/549/337 407/560/337 405/561/337
f 443/370/337 554/367/337 564/559/337 442/558/337
f 563/549/337 564/559/337 409/562/337 407/560/337
f 481/563/510 642/564/337 634/565/337 484/566/511
f 564/559/337 554/367/337 412/366/337 409/562/337
f 510/567/512 590/568/513 676/569/337 633/570/337
f 590/568/513 457/571/514 569/572/515 676/569/337
f 676/569/337 569/572/515 484/566/511 634/565/337
f 633/570/337 676/569/337 634/565/337 437/573/337
f 479/574/516 641/575/337 642/564/337 481/563/510
f 634/565/337 642/564/337 439/576/337 437/573/337
f 477/352/349 630/349/337 641/575/337 479/574/516
f 642/564/337 641/575/337 441/577/337 439/576/337
f 435/440/337 621/437/337 638/578/337 434/579/337
f 641/575/337 630/349/337 444/348/337 441/577/337
f 605/521/479 610/520/478 448/580/517 446/581/518
f 506/385/376 503/388/379 583/582/379 581/583/519
f 434/579/337 638/578/337 637/584/337 432/585/337
f 638/578/337 621/437/337 468/436/417 465/586/520
f 432/585/337 637/584/337 626/338/337 430/337/337
f 637/584/337 638/578/337 465/586/520 463/587/521
f 397/495/462 399/544/500 544/588/522 543/496/463
f 626/338/337 637/584/337 463/587/521 461/339/340
f 404/357/354 556/546/502 677/589/523 657/358/355
f 556/546/502 427/545/501 659/382/373 677/589/523
f 677/589/523 659/382/373 540/381/372 611/590/524
f 657/358/355 677/589/523 611/590/524 505/361/358
f 581/583/519 583/582/379 502/591/379 507/592/525
f 531/593/526 534/594/527 620/595/528 618/596/378
f 618/596/378 620/595/528 507/592/525 502/591/379
f 493/487/344 588/597/529 586/598/343 500/488/343
f 494/599/424 645/600/337 678/601/337 587/602/530
f 645/600/337 405/561/337 546/603/337 678/601/337
f 678/601/337 546/603/337 406/451/337 646/450/337
f 587/602/530 678/601/337 646/450/337 495/449/424
f 498/491/458 603/604/495 679/605/531 649/492/459
f 603/604/495 519/606/532 651/607/533 679/605/531
f 679/605/531 651/607/533 422/537/493 551/536/492
f 649/492/459 679/605/531 551/536/492 397/495/462
f 543/496/463 544/588/522 400/523/481 398/497/464
f 399/544/500 401/547/503 545/608/534 544/588/522
f 544/588/522 545/608/534 402/529/485 400/523/481
f 401/547/503 404/357/354 541/360/357 545/608/534
f 545/608/534 541/360/357 403/365/362 402/529/485
f 405/561/337 407/560/337 547/609/337 546/603/337
f 494/599/424 594/610/535 680/611/337 645/600/337
f 594/610/535 511/612/536 647/613/337 680/611/337
f 680/611/337 647/613/337 438/551/337 549/550/337
f 645/600/337 680/611/337 549/550/337 405/561/337
f 546/603/337 547/609/337 408/503/337 406/451/337
f 407/560/337 409/562/337 548/614/337 547/609/337
f 547/609/337 548/614/337 410/500/337 408/503/337
f 409/562/337 412/366/337 542/527/337 548/614/337
f 548/614/337 542/527/337 411/411/337 410/500/337
f 417/533/489 418/392/383 416/473/442 415/531/487
f 586/598/343 588/597/529 496/343/344 497/342/343
f 539/401/392 538/519/477 527/518/476 526/402/393
f 535/469/438 534/594/527 531/593/526 530/470/439
f 623/383/374 659/382/373 427/545/501 428/476/445
f 517/416/399 520/615/537 513/616/538 516/417/400
f 536/425/408 632/424/407 660/378/369 533/380/371
f 532/372/363 655/371/337 629/351/337 529/356/353
f 660/378/369 632/424/407 419/389/380 420/375/366
f 429/453/337 430/337/337 625/336/337 648/448/337
f 629/351/337 655/371/337 443/370/337 444/348/337
f 437/573/337 438/551/337 647/613/337 633/570/337
f 648/448/337 625/336/337 515/335/339 514/445/422
f 528/442/419 622/441/337 656/410/337 525/415/398
f 633/570/337 647/613/337 511/612/536 510/567/512
f 415/531/487 416/473/442 414/475/444 413/532/488
f 656/410/337 622/441/337 435/440/337 436/407/337
f 419/389/380 418/392/383 417/533/489 420/375/366
f 413/532/488 414/475/444 635/557/509 652/541/497
f 425/477/446 426/542/498 424/534/490 423/522/480
f 423/522/480 424/534/490 422/537/493 421/462/433
f 652/541/497 635/557/509 523/556/508 522/538/494
f 427/545/501 426/542/498 425/477/446 428/476/445
f 421/462/433 422/537/493 651/607/533 627/457/428
f 433/504/337 434/579/337 432/585/337 431/505/337
f 431/505/337 432/585/337 430/337/337 429/453/337
f 627/457/428 651/607/533 519/606/532 518/454/425
f 435/440/337 434/579/337 433/504/337 436/407/337
f 509/347/348 524/346/347 592/617/539 589/618/540
f 441/577/337 442/558/337 440/548/337 439/576/337
f 439/576/337 440/548/337 438/551/337 437/573/337
f 443/370/337 442/558/337 441/577/337 444/348/337
f 536/425/408 533/380/371 534/619/527 535/620/438
f 464/621/440 462/622/413 461/339/340 463/587/521
f 589/618/540 592/617/539 460/419/402 458/418/401
f 446/581/518 448/580/517 576/623/541 566/624/542
f 451/458/429 452/625/395 568/626/415 567/459/430
f 565/439/418 566/627/542 467/628/453 468/436/417
f 457/571/514 458/629/401 570/630/404 569/572/515
f 567/459/430 568/626/415 475/631/414 476/460/431
f 455/427/410 456/632/435 572/633/472 571/423/406
f 569/572/515 570/630/404 483/634/412 484/566/511
f 461/339/340 462/622/413 574/635/416 573/334/338
f 571/423/406 572/633/472 491/636/471 492/400/391
f 466/637/452 464/621/440 463/587/521 465/586/520
f 573/334/338 574/635/416 450/638/394 449/331/335
f 467/628/453 466/637/452 465/586/520 468/436/417
f 472/639/455 470/640/454 469/396/387 471/399/390
f 469/396/387 470/640/454 576/641/541 575/507/467
f 474/642/441 472/639/455 471/399/390 473/514/474
f 575/507/467 576/641/541 448/643/517 447/508/468
f 475/631/414 474/642/441 473/514/474 476/460/431
f 480/644/450 478/645/470 477/352/349 479/574/516
f 477/352/349 478/645/470 578/646/473 577/353/350
f 482/647/447 480/644/450 479/574/516 481/563/510
f 577/353/350 578/646/473 454/648/434 453/354/351
f 483/634/412 482/647/447 481/563/510 484/566/511
f 488/649/448 486/650/411 485/480/449 487/395/386
f 485/480/449 486/650/411 580/651/403 579/555/507
f 490/652/451 488/649/448 487/395/386 489/394/385
f 579/555/507 580/651/403 460/653/402 459/552/504
f 491/636/471 490/652/451 489/394/385 492/400/391
f 507/654/525 508/363/360 582/362/359 581/655/519
f 503/656/379 504/413/365 584/528/484 583/657/379
f 581/655/519 582/362/359 505/361/358 506/658/376
f 499/499/458 500/659/343 586/660/343 585/494/461
f 583/657/379 584/528/484 501/374/365 502/661/379
f 495/449/424 496/662/344 588/663/529 587/602/530
f 585/494/461 586/660/343 497/664/343 498/491/458
f 540/381/372 537/384/375 538/665/477 539/666/392
f 587/602/530 588/663/529 493/667/344 494/599/424
f 528/442/419 525/415/398 526/668/393 527/669/476
f 532/372/363 529/356/353 530/670/439 531/671/526
f 520/672/537 517/673/399 518/454/425 519/606/532
f 516/674/400 513/675/538 514/445/422 515/335/339
f 524/676/347 521/677/346 522/538/494 523/556/508
f 512/678/345 509/679/348 510/567/512 511/612/536
f 457/571/514 590/568/513 589/680/540 458/629/401
f 460/653/402 592/681/539 591/553/505 459/552/504
f 589/680/540 590/568/513 510/567/512 509/679/348
f 511/612/536 594/610/535 593/682/457 512/678/345
f 591/553/505 592/681/539 524/676/347 523/556/508
f 521/677/346 596/683/456 595/539/495 522/538/494
f 593/682/457 594/610/535 494/599/424 493/667/344
f 515/335/339 598/332/336 597/684/397 516/674/400
f 595/539/495 596/683/456 500/659/343 499/499/458
f 495/449/424 600/446/423 599/685/341 496/662/344
f 597/684/397 598/332/336 449/331/335 450/638/394
f 517/673/399 602/686/396 601/455/426 518/454/425
f 599/685/341 600/446/423 514/445/422 513/675/538
f 497/664/343 604/687/342 603/604/495 498/491/458
f 601/455/426 602/686/396 452/625/395 451/458/429
f 445/444/421 606/443/420 605/688/479 446/689/518
f 603/604/495 604/687/342 520/672/537 519/606/532
f 525/415/398 608/414/364 607/690/378 526/668/393
f 605/688/479 606/443/420 528/442/419 527/669/476
f 448/643/517 610/691/478 609/509/469 447/508/468
f 607/690/378 608/414/364 504/413/365 503/656/379
f 539/666/392 612/692/377 611/590/524 540/381/372
f 609/509/469 610/691/478 538/665/477 537/384/375
f 454/648/434 614/693/437 613/355/352 453/354/351
f 611/590/524 612/692/377 506/658/376 505/361/358
f 535/620/438 616/694/436 615/426/409 536/425/408
f 613/355/352 614/693/437 530/670/439 529/356/353
f 531/671/526 618/695/378 617/373/364 532/372/363
f 615/426/409 616/694/436 456/632/435 455/427/410
f 507/654/525 620/696/528 619/379/370 508/363/360
f 617/373/364 618/695/378 502/661/379 501/374/365
f 619/379/370 620/696/528 534/619/527 533/380/371
f 566/697/542 576/698/541 470/485/454 467/484/453
f 688/32/543 814/33/544 873/30/545 817/29/546
f 814/33/544 684/34/547 811/35/548 873/30/545
f 873/30/545 811/35/548 682/36/549 820/31/550
f 817/29/546 873/30/545 820/31/550 686/28/551
f 754/699/552 917/700/553 860/701/554 711/702/555
f 921/703/556 761/704/557 697/705/558 861/706/559
f 766/707/560 921/703/556 861/706/559 699/708/561
f 748/709/562 914/710/563 857/711/559 705/712/558
f 914/710/563 751/713/564 707/714/561 857/711/559
f 919/715/565 753/716/566 712/717/567 858/718/568
f 746/719/569 919/715/565 858/718/568 706/720/570
f 915/721/571 749/722/572 708/723/573 859/724/574
f 758/725/575 915/721/571 859/724/574 709/726/576
f 925/727/553 773/728/577 702/729/578 864/730/554
f 696/36/543 826/31/544 874/30/545 829/35/546
f 826/31/544 692/28/547 823/29/548 874/30/545
f 874/30/545 823/29/548 690/32/549 832/33/550
f 829/35/546 874/30/545 832/33/550 694/34/551
f 770/731/552 925/727/553 864/730/554 703/732/555
f 764/733/562 922/734/563 861/706/559 697/705/558
f 777/735/552 929/736/553 865/737/554 738/738/555
f 868/739/559 933/740/556 785/741/557 744/742/558
f 922/734/563 767/743/564 699/708/561 861/706/559
f 927/744/565 769/745/566 704/746/567 862/747/568
f 762/748/569 927/744/565 862/747/568 698/749/570
f 923/750/571 765/751/572 700/752/573 863/753/574
f 774/754/575 923/750/571 863/753/574 701/755/576
f 772/756/579 928/757/580 862/747/568 704/746/567
f 928/757/580 763/758/581 698/749/570 862/747/568
f 866/759/568 935/760/565 778/761/566 737/762/567
f 776/763/582 926/764/583 864/730/554 702/729/578
f 926/764/583 771/765/584 703/732/555 864/730/554
f 768/766/585 924/767/586 863/753/574 700/752/573
f 924/767/586 775/768/587 701/755/576 863/753/574
f 756/769/579 920/770/580 858/718/568 712/717/567
f 691/28/588 825/29/589 875/30/337 821/31/590
f 825/29/589 695/32/591 828/33/592 875/30/337
f 875/30/337 828/33/592 693/34/593 831/35/594
f 821/31/590 875/30/337 831/35/594 689/36/595
f 920/770/580 747/771/581 706/720/570 858/718/568
f 760/772/582 918/773/583 860/701/554 710/774/578
f 918/773/583 755/775/584 711/702/555 860/701/554
f 752/776/585 916/777/586 859/724/574 708/723/573
f 916/777/586 759/778/587 709/726/576 859/724/574
f 706/720/570 747/771/581 882/779/596 810/780/597
f 683/28/588 813/29/589 876/30/337 809/31/590
f 813/29/589 687/32/591 816/33/592 876/30/337
f 876/30/337 816/33/592 685/34/593 819/35/594
f 809/31/590 876/30/337 819/35/594 681/36/595
f 720/36/547 841/31/548 877/30/545 838/35/544
f 841/31/548 718/28/549 844/29/550 877/30/545
f 877/30/545 844/29/550 714/32/551 835/33/546
f 838/35/544 877/30/545 835/33/546 716/34/543
f 790/781/560 933/740/556 868/739/559 741/782/561
f 869/783/554 937/784/553 797/785/577 732/786/578
f 793/787/552 937/784/553 869/783/554 730/788/555
f 783/789/582 930/790/583 865/737/554 740/791/578
f 738/738/555 865/737/554 930/790/583 780/792/584
f 738/738/555 780/792/584 898/793/598 834/794/599
f 786/795/569 935/760/565 866/759/568 743/796/570
f 867/797/574 931/798/571 789/799/572 742/800/573
f 782/801/575 931/798/571 867/797/574 739/802/576
f 872/803/559 941/804/556 801/805/557 736/806/558
f 728/36/547 853/31/548 878/30/545 850/35/544
f 853/31/548 726/28/549 856/29/550 878/30/545
f 878/30/545 856/29/550 722/32/551 847/33/546
f 850/35/544 878/30/545 847/33/546 724/34/543
f 806/807/560 941/804/556 872/803/559 733/808/561
f 799/809/582 938/810/583 869/783/554 732/786/578
f 870/811/568 943/812/565 794/813/566 729/814/567
f 869/783/554 938/810/583 796/815/584 730/788/555
f 779/816/579 936/817/580 866/759/568 737/762/567
f 865/737/554 929/736/553 781/818/577 740/791/578
f 802/819/569 943/812/565 870/811/568 735/820/570
f 871/821/574 939/822/571 805/823/572 734/824/573
f 798/825/575 939/822/571 871/821/574 731/826/576
f 795/827/579 944/828/580 870/811/568 729/814/567
f 803/829/562 942/830/563 872/803/559 736/806/558
f 870/811/568 944/828/580 804/831/581 735/820/570
f 917/700/553 757/832/577 710/774/578 860/701/554
f 807/833/585 940/834/586 871/821/574 734/824/573
f 872/803/559 942/830/563 808/835/564 733/808/561
f 731/826/576 871/821/574 940/834/586 800/836/587
f 723/36/591 845/31/592 879/30/337 849/35/589
f 845/31/592 721/28/593 855/29/594 879/30/337
f 879/30/337 855/29/594 725/32/595 852/33/590
f 849/35/589 879/30/337 852/33/590 727/34/588
f 787/837/562 934/838/563 868/739/559 744/742/558
f 866/759/568 936/817/580 788/839/581 743/796/570
f 791/840/585 932/841/586 867/797/574 742/800/573
f 868/739/559 934/838/563 792/842/564 741/782/561
f 739/802/576 867/797/574 932/841/586 784/843/587
f 715/32/591 833/33/592 880/30/337 837/29/589
f 833/33/592 713/34/593 843/35/594 880/30/337
f 880/30/337 843/35/594 717/36/595 840/31/590
f 837/29/589 880/30/337 840/31/590 719/28/588
f 681/36/595 746/234/569 881/235/600 745/236/557
f 682/36/549 748/234/562 882/235/596 747/236/581
f 683/28/588 750/242/560 883/243/601 749/244/572
f 684/34/547 752/228/585 884/229/602 751/230/564
f 685/34/593 754/228/552 885/229/603 753/230/566
f 686/28/551 756/242/579 886/243/598 755/244/584
f 687/32/591 758/237/575 887/238/604 757/239/577
f 688/32/543 760/237/582 888/238/605 759/239/587
f 689/36/595 762/234/569 889/235/600 761/236/557
f 690/32/549 764/237/562 890/238/596 763/239/581
f 691/28/588 766/242/560 891/243/601 765/244/572
f 692/28/547 768/242/585 892/243/602 767/244/564
f 693/34/593 770/228/552 893/229/603 769/230/566
f 694/34/551 772/228/579 894/229/598 771/230/584
f 695/32/591 774/237/575 895/238/604 773/239/577
f 740/791/578 781/818/577 899/844/604 836/845/606
f 696/36/543 776/234/582 896/235/605 775/236/587
f 713/34/593 777/228/552 897/229/603 778/230/566
f 834/794/599 898/793/598 779/816/579 737/762/567
f 836/846/606 739/802/576 784/843/587 900/847/605
f 714/32/551 779/237/579 898/238/598 780/239/584
f 715/32/591 782/237/575 899/238/604 781/239/577
f 791/840/585 742/800/573 839/848/607 904/849/602
f 842/850/597 743/796/570 788/839/581 902/851/596
f 716/34/543 783/228/582 900/229/605 784/230/587
f 717/36/595 786/234/569 901/235/600 785/236/557
f 839/848/607 741/782/561 792/842/564 904/849/602
f 718/28/549 787/242/562 902/243/596 788/244/581
f 719/28/588 790/242/560 903/243/601 789/244/572
f 787/837/562 744/742/558 842/850/597 902/851/596
f 732/786/578 797/785/577 907/852/604 848/853/606
f 720/36/547 791/234/585 904/235/602 792/236/564
f 721/28/593 793/242/552 905/243/603 794/244/566
f 846/854/599 906/855/598 795/827/579 729/814/567
f 848/853/606 731/826/576 800/836/587 908/856/605
f 722/32/551 795/237/579 906/238/598 796/239/584
f 723/36/591 798/234/575 907/235/604 797/236/577
f 807/833/585 734/824/573 851/857/607 912/858/602
f 854/859/597 735/820/570 804/831/581 910/860/596
f 724/34/543 799/228/582 908/229/605 800/230/587
f 725/32/595 802/237/569 909/238/600 801/239/557
f 777/735/552 738/738/555 834/794/599 897/861/603
f 851/857/607 733/808/561 808/835/564 912/858/602
f 726/28/549 803/242/562 910/243/596 804/244/581
f 727/34/588 806/228/560 911/229/601 805/230/572
f 803/829/562 736/806/558 854/859/597 910/860/596
f 728/36/547 807/234/585 912/235/602 808/236/564
f 683/28/588 809/31/590 913/329/556 750/242/560
f 809/31/590 681/36/595 745/236/557 913/329/556
f 882/779/596 748/709/562 705/712/558 810/780/597
f 708/723/573 749/722/572 883/862/601 812/863/607
f 682/36/549 811/35/548 914/328/563 748/234/562
f 811/35/548 684/34/547 751/230/564 914/328/563
f 883/864/601 750/865/560 707/714/561 812/866/607
f 710/774/578 757/832/577 887/867/604 815/868/606
f 687/32/591 813/29/589 915/330/571 758/237/575
f 813/29/589 683/28/588 749/244/572 915/330/571
f 684/34/547 814/33/544 916/327/586 752/228/585
f 814/33/544 688/32/543 759/239/587 916/327/586
f 887/867/604 758/725/575 709/726/576 815/868/606
f 712/717/567 753/716/566 885/869/603 818/870/599
f 685/34/593 816/33/592 917/327/553 754/228/552
f 816/33/592 687/32/591 757/239/577 917/327/553
f 688/32/543 817/29/546 918/330/583 760/237/582
f 817/29/546 686/28/551 755/244/584 918/330/583
f 885/869/603 754/699/552 711/702/555 818/870/599
f 698/749/570 763/758/581 890/871/596 822/872/597
f 681/36/595 819/35/594 919/328/565 746/234/569
f 819/35/594 685/34/593 753/230/566 919/328/565
f 686/28/551 820/31/550 920/329/580 756/242/579
f 820/31/550 682/36/549 747/236/581 920/329/580
f 691/28/588 821/31/590 921/329/556 766/242/560
f 821/31/590 689/36/595 761/236/557 921/329/556
f 890/873/596 764/733/562 697/705/558 822/874/597
f 700/752/573 765/751/572 891/875/601 824/876/607
f 690/32/549 823/29/548 922/330/563 764/237/562
f 823/29/548 692/28/547 767/244/564 922/330/563
f 891/875/601 766/707/560 699/708/561 824/876/607
f 702/729/578 773/728/577 895/877/604 827/878/606
f 695/32/591 825/29/589 923/330/571 774/237/575
f 825/29/589 691/28/588 765/244/572 923/330/571
f 692/28/547 826/31/544 924/329/586 768/242/585
f 826/31/544 696/36/543 775/236/587 924/329/586
f 895/877/604 774/754/575 701/755/576 827/878/606
f 704/746/567 769/745/566 893/879/603 830/880/599
f 693/34/593 828/33/592 925/327/553 770/228/552
f 828/33/592 695/32/591 773/239/577 925/327/553
f 696/36/543 829/35/546 926/328/583 776/234/582
f 829/35/546 694/34/551 771/230/584 926/328/583
f 893/879/603 770/731/552 703/732/555 830/880/599
f 762/748/569 698/749/570 822/872/597 889/881/600
f 689/36/595 831/35/594 927/328/565 762/234/569
f 831/35/594 693/34/593 769/230/566 927/328/565
f 694/34/551 832/33/550 928/327/580 772/228/579
f 832/33/550 690/32/549 763/239/581 928/327/580
f 889/882/600 822/874/597 697/705/558 761/704/557
f 768/766/585 700/752/573 824/876/607 892/883/602
f 892/883/602 824/876/607 699/708/561 767/743/564
f 776/763/582 702/729/578 827/878/606 896/884/605
f 896/884/605 827/878/606 701/755/576 775/768/587
f 772/756/579 704/746/567 830/880/599 894/885/598
f 894/885/598 830/880/599 703/732/555 771/765/584
f 746/719/569 706/720/570 810/780/597 881/886/600
f 881/886/600 810/780/597 705/712/558 745/887/557
f 752/776/585 708/723/573 812/863/607 884/888/602
f 884/889/602 812/866/607 707/714/561 751/713/564
f 760/772/582 710/774/578 815/868/606 888/890/605
f 888/890/605 815/868/606 709/726/576 759/778/587
f 756/769/579 712/717/567 818/870/599 886/891/598
f 886/891/598 818/870/599 711/702/555 755/775/584
f 745/887/557 705/712/558 857/711/559 913/892/556
f 929/327/553 777/228/552 713/34/593 833/33/592
f 781/239/577 929/327/553 833/33/592 715/32/591
f 930/327/583 783/228/582 716/34/543 835/33/546
f 780/239/584 930/327/583 835/33/546 714/32/551
f 899/893/604 782/801/575 739/802/576 836/846/606
f 742/800/573 789/799/572 903/894/601 839/848/607
f 931/330/571 782/237/575 715/32/591 837/29/589
f 789/244/572 931/330/571 837/29/589 719/28/588
f 932/328/586 791/234/585 720/36/547 838/35/544
f 784/230/587 932/328/586 838/35/544 716/34/543
f 903/894/601 790/781/560 741/782/561 839/848/607
f 744/742/558 785/741/557 901/895/600 842/850/597
f 933/329/556 790/242/560 719/28/588 840/31/590
f 785/236/557 933/329/556 840/31/590 717/36/595
f 934/329/563 787/242/562 718/28/549 841/31/548
f 792/236/564 934/329/563 841/31/548 720/36/547
f 901/895/600 786/795/569 743/796/570 842/850/597
f 730/788/555 796/815/584 906/896/598 846/897/599
f 935/328/565 786/234/569 717/36/595 843/35/594
f 778/230/566 935/328/565 843/35/594 713/34/593
f 936/330/580 779/237/579 714/32/551 844/29/550
f 788/244/581 936/330/580 844/29/550 718/28/549
f 937/329/553 793/242/552 721/28/593 845/31/592
f 797/236/577 937/329/553 845/31/592 723/36/591
f 938/327/583 799/228/582 724/34/543 847/33/546
f 796/239/584 938/327/583 847/33/546 722/32/551
f 907/852/604 798/825/575 731/826/576 848/853/606
f 734/824/573 805/823/572 911/898/601 851/857/607
f 939/328/571 798/234/575 723/36/591 849/35/589
f 805/230/572 939/328/571 849/35/589 727/34/588
f 940/328/586 807/234/585 728/36/547 850/35/544
f 800/230/587 940/328/586 850/35/544 724/34/543
f 911/898/601 806/807/560 733/808/561 851/857/607
f 736/806/558 801/805/557 909/899/600 854/859/597
f 941/327/556 806/228/560 727/34/588 852/33/590
f 801/239/557 941/327/556 852/33/590 725/32/595
f 942/329/563 803/242/562 726/28/549 853/31/548
f 808/236/564 942/329/563 853/31/548 728/36/547
f 909/899/600 802/819/569 735/820/570 854/859/597
f 793/787/552 730/788/555 846/897/599 905/900/603
f 943/330/565 802/237/569 725/32/595 855/29/594
f 794/244/566 943/330/565 855/29/594 721/28/593
f 944/330/580 795/237/579 722/32/551 856/29/550
f 804/244/581 944/330/580 856/29/550 726/28/549
f 905/901/603 846/854/599 729/814/567 794/813/566
f 799/809/582 732/786/578 848/853/606 908/856/605
f 897/861/603 834/794/599 737/762/567 778/761/566
f 783/789/582 740/791/578 836/845/606 900/902/605
f 913/892/556 857/711/559 707/714/561 750/865/560
f 962/903/608 1007/904/609 985/905/610 982/906/611
f 987/907/612 1000/908/613 956/909/614 983/910/615
f 955/911/616 999/912/617 985/905/610 984/913/618
f 951/34/619 977/35/620 986/30/621 978/33/622
f 977/35/620 952/36/623 979/31/624 986/30/621
f 986/30/621 979/31/624 950/28/625 980/29/626
f 978/33/622 986/30/621 980/29/626 949/32/627
f 963/914/628 1006/915/629 987/907/612 983/910/615
f 989/916/630 1001/917/631 960/918/632 976/919/633
f 959/920/634 1000/908/613 987/907/612 975/921/635
f 985/905/610 1007/904/609 964/922/636 984/913/618
f 945/28/637 970/29/638 988/30/639 969/31/640
f 970/29/638 946/32/641 971/33/642 988/30/639
f 988/30/639 971/33/642 948/34/643 972/35/644
f 969/31/640 988/30/639 972/35/644 947/36/645
f 1004/923/646 966/924/647 974/925/648 989/916/630
f 958/926/649 1001/917/631 989/916/630 974/925/648
f 1010/927/650 1005/928/651 961/929/652 981/930/653
f 968/931/654 1004/923/646 989/916/630 976/919/633
f 990/932/655 1008/933/656 982/906/611 954/934/657
f 1009/935/658 991/936/659 955/911/616 984/913/618
f 945/28/637 953/242/660 990/243/655 954/244/657
f 983/910/615 956/909/614 991/936/659 1009/935/658
f 1002/937/661 992/938/662 958/926/649 974/925/648
f 946/32/641 955/237/616 991/238/659 956/239/614
f 959/920/634 975/921/635 1003/939/663 993/940/664
f 947/36/645 958/234/649 992/235/662 957/236/665
f 973/941/666 957/942/665 992/938/662 1002/937/661
f 993/943/664 1003/944/663 976/919/633 960/918/632
f 1008/933/656 994/945/667 962/903/608 982/906/611
f 948/34/643 959/228/634 993/229/664 960/230/632
f 963/914/628 983/910/615 1009/935/658 995/946/668
f 949/32/627 962/237/608 994/238/667 961/239/652
f 981/930/653 961/929/652 994/945/667 1008/933/656
f 995/946/668 1009/935/658 984/913/618 964/922/636
f 965/947/669 973/941/666 1002/937/661 996/948/670
f 950/28/625 963/242/628 995/243/668 964/244/636
f 996/948/670 1002/937/661 974/925/648 966/924/647
f 1003/944/663 997/949/671 968/931/654 976/919/633
f 951/34/619 965/228/669 996/229/670 966/230/647
f 957/942/665 973/941/666 1010/927/650 998/950/672
f 952/36/623 968/234/654 997/235/671 967/236/673
f 975/921/635 967/951/673 997/952/671 1003/939/663
f 998/950/672 1010/927/650 981/930/653 953/953/660
f 985/905/610 999/912/617 954/934/657 982/906/611
f 998/329/672 953/242/660 945/28/637 969/31/640
f 957/236/665 998/329/672 969/31/640 947/36/645
f 999/330/617 955/237/616 946/32/641 970/29/638
f 954/244/657 999/330/617 970/29/638 945/28/637
f 1000/327/613 959/228/634 948/34/643 971/33/642
f 956/239/614 1000/327/613 971/33/642 946/32/641
f 1001/328/631 958/234/649 947/36/645 972/35/644
f 960/230/632 1001/328/631 972/35/644 948/34/643
f 952/36/623 977/35/620 1004/328/646 968/234/654
f 977/35/620 951/34/619 966/230/647 1004/328/646
f 973/941/666 965/947/669 1005/928/651 1010/927/650
f 987/907/612 1006/915/629 967/951/673 975/921/635
f 1005/327/651 965/228/669 951/34/619 978/33/622
f 961/239/652 1005/327/651 978/33/622 949/32/627
f 1006/329/629 963/242/628 950/28/625 979/31/624
f 967/236/673 1006/329/629 979/31/624 952/36/623
f 1007/330/609 962/237/608 949/32/627 980/29/626
f 964/244/636 1007/330/609 980/29/626 950/28/625
f 1130/954/674 1043/955/675 1088/956/676 1093/957/337
f 1036/958/677 1127/959/678 1091/960/679 1072/961/680
f 1094/962/545 1120/963/681 1030/964/682 1073/965/683
f 1029/966/684 1119/967/685 1091/960/679 1074/968/686
f 1017/28/687 1067/29/688 1092/30/630 1068/31/689
f 1067/29/688 1018/32/690 1069/33/691 1092/30/630
f 1092/30/630 1069/33/691 1016/34/692 1070/35/693
f 1068/31/689 1092/30/630 1070/35/693 1015/36/694
f 1131/969/695 1045/970/696 1089/971/697 1097/972/698
f 1047/973/699 1130/954/674 1093/957/337 1080/974/700
f 1138/975/701 1053/976/702 1090/977/703 1099/978/545
f 1051/979/704 1137/980/705 1093/957/337 1088/956/676
f 1037/981/706 1126/982/707 1094/962/545 1073/965/683
f 1096/983/708 1121/984/709 1034/985/710 1066/986/711
f 1033/987/712 1120/963/681 1094/962/545 1065/988/713
f 1091/960/679 1127/959/678 1038/989/714 1074/968/686
f 1011/28/715 1060/29/716 1095/30/610 1059/31/717
f 1060/29/716 1012/32/718 1061/33/719 1095/30/610
f 1095/30/610 1061/33/719 1014/34/720 1062/35/721
f 1059/31/717 1095/30/610 1062/35/721 1013/36/722
f 1124/990/723 1040/991/724 1064/992/725 1096/983/708
f 1032/993/726 1121/984/709 1096/983/708 1064/992/725
f 1142/994/337 1125/995/727 1035/996/728 1071/997/729
f 1042/998/730 1124/990/723 1096/983/708 1066/986/711
f 1054/999/731 1139/1000/732 1097/972/698 1089/971/697
f 1132/1001/733 1049/1002/734 1082/1003/735 1099/978/545
f 1044/1004/736 1131/969/695 1097/972/698 1087/1005/737
f 1025/32/738 1084/33/739 1098/30/630 1083/29/740
f 1084/33/739 1023/34/741 1086/35/742 1098/30/630
f 1098/30/630 1086/35/742 1024/36/743 1085/31/744
f 1083/29/740 1098/30/630 1085/31/744 1026/28/745
f 1139/1000/732 1052/1006/746 1087/1005/737 1097/972/698
f 1057/1007/747 1138/975/701 1099/978/545 1082/1003/735
f 1133/1008/748 1048/1009/749 1079/1010/750 1101/1011/751
f 1046/1012/752 1132/1001/733 1099/978/545 1090/977/703
f 1019/32/753 1075/33/754 1100/30/610 1076/29/755
f 1075/33/754 1021/34/756 1078/35/757 1100/30/610
f 1100/30/610 1078/35/757 1022/36/758 1077/31/759
f 1076/29/755 1100/30/610 1077/31/759 1020/28/760
f 1050/1013/761 1133/1008/748 1101/1011/751 1081/1014/762
f 1137/980/705 1055/1015/763 1080/974/700 1093/957/337
f 1056/1016/764 1136/1017/765 1101/1011/751 1079/1010/750
f 1101/1011/751 1136/1017/765 1058/1018/766 1081/1014/762
f 1102/1019/767 1128/1020/768 1072/961/680 1028/1021/769
f 1129/1022/770 1103/1023/771 1029/966/684 1074/968/686
f 1011/28/715 1027/242/772 1102/243/767 1028/244/769
f 1073/965/683 1030/964/682 1103/1023/771 1129/1022/770
f 1122/1024/773 1104/1025/774 1032/993/726 1064/992/725
f 1012/32/718 1029/237/684 1103/238/771 1030/239/682
f 1033/987/712 1065/988/713 1123/1026/775 1105/1027/776
f 1013/36/722 1032/234/726 1104/235/774 1031/236/777
f 1063/1028/778 1031/1029/777 1104/1025/774 1122/1024/773
f 1105/1030/776 1123/1031/775 1066/986/711 1034/985/710
f 1128/1020/768 1106/1032/779 1036/958/677 1072/961/680
f 1014/34/720 1033/228/712 1105/229/776 1034/230/710
f 1037/981/706 1073/965/683 1129/1022/770 1107/1033/780
f 1015/36/694 1036/234/677 1106/235/779 1035/236/728
f 1071/997/729 1035/996/728 1106/1032/779 1128/1020/768
f 1107/1033/780 1129/1022/770 1074/968/686 1038/989/714
f 1039/1034/781 1063/1028/778 1122/1024/773 1108/1035/782
f 1016/34/692 1037/228/706 1107/229/780 1038/230/714
f 1108/1035/782 1122/1024/773 1064/992/725 1040/991/724
f 1123/1031/775 1109/1036/783 1042/998/730 1066/986/711
f 1017/28/687 1039/242/781 1108/243/782 1040/244/724
f 1044/1004/736 1087/1005/737 1140/1037/784 1110/1038/785
f 1018/32/690 1042/237/730 1109/238/783 1041/239/786
f 1065/988/713 1041/1039/786 1109/1040/783 1123/1026/775
f 1141/1041/787 1111/1042/788 1046/1012/752 1090/977/703
f 1019/32/753 1044/237/736 1110/238/785 1043/239/675
f 1110/1038/785 1140/1037/784 1088/956/676 1043/955/675
f 1134/1043/789 1112/1044/790 1047/973/699 1080/974/700
f 1020/28/760 1046/242/752 1111/243/788 1045/244/696
f 1089/971/697 1045/970/696 1111/1042/788 1141/1041/787
f 1079/1010/750 1048/1009/749 1112/1044/790 1134/1043/789
f 1050/1013/761 1081/1014/762 1135/1045/791 1113/1046/792
f 1021/34/756 1047/228/699 1112/229/790 1048/230/749
f 1140/1037/784 1114/1047/793 1051/979/704 1088/956/676
f 1022/36/758 1050/234/761 1113/235/792 1049/236/734
f 1113/1048/792 1135/1049/791 1082/1003/735 1049/1002/734
f 1087/1005/737 1052/1006/746 1114/1047/793 1140/1037/784
f 1054/999/731 1089/971/697 1141/1041/787 1115/1050/794
f 1023/34/741 1051/228/704 1114/229/793 1052/230/746
f 1056/1016/764 1079/1010/750 1134/1043/789 1116/1051/795
f 1024/36/743 1054/234/731 1115/235/794 1053/236/702
f 1115/1050/794 1141/1041/787 1090/977/703 1053/976/702
f 1135/1049/791 1117/1052/796 1057/1007/747 1082/1003/735
f 1025/32/738 1056/237/764 1116/238/795 1055/239/763
f 1116/1051/795 1134/1043/789 1080/974/700 1055/1015/763
f 1081/1014/762 1058/1018/766 1117/1053/796 1135/1045/791
f 1031/1029/777 1063/1028/778 1142/994/337 1118/1054/797
f 1026/28/745 1057/242/747 1117/243/796 1058/244/766
f 1118/1054/797 1142/994/337 1071/997/729 1027/1055/772
f 1091/960/679 1119/967/685 1028/1021/769 1072/961/680
f 1118/329/797 1027/242/772 1011/28/715 1059/31/717
f 1031/236/777 1118/329/797 1059/31/717 1013/36/722
f 1119/330/685 1029/237/684 1012/32/718 1060/29/716
f 1028/244/769 1119/330/685 1060/29/716 1011/28/715
f 1120/327/681 1033/228/712 1014/34/720 1061/33/719
f 1030/239/682 1120/327/681 1061/33/719 1012/32/718
f 1121/328/709 1032/234/726 1013/36/722 1062/35/721
f 1034/230/710 1121/328/709 1062/35/721 1014/34/720
f 1018/32/690 1067/29/688 1124/330/723 1042/237/730
f 1067/29/688 1017/28/687 1040/244/724 1124/330/723
f 1063/1028/778 1039/1034/781 1125/995/727 1142/994/337
f 1094/962/545 1126/982/707 1041/1039/786 1065/988/713
f 1125/329/727 1039/242/781 1017/28/687 1068/31/689
f 1035/236/728 1125/329/727 1068/31/689 1015/36/694
f 1126/327/707 1037/228/706 1016/34/692 1069/33/691
f 1041/239/786 1126/327/707 1069/33/691 1018/32/690
f 1127/328/678 1036/234/677 1015/36/694 1070/35/693
f 1038/230/714 1127/328/678 1070/35/693 1016/34/692
f 1021/34/756 1075/33/754 1130/327/674 1047/228/699
f 1075/33/754 1019/32/753 1043/239/675 1130/327/674
f 1019/32/753 1076/29/755 1131/330/695 1044/237/736
f 1076/29/755 1020/28/760 1045/244/696 1131/330/695
f 1020/28/760 1077/31/759 1132/329/733 1046/242/752
f 1077/31/759 1022/36/758 1049/236/734 1132/329/733
f 1022/36/758 1078/35/757 1133/328/748 1050/234/761
f 1078/35/757 1021/34/756 1048/230/749 1133/328/748
f 1136/330/765 1056/237/764 1025/32/738 1083/29/740
f 1058/244/766 1136/330/765 1083/29/740 1026/28/745
f 1023/34/741 1084/33/739 1137/327/705 1051/228/704
f 1084/33/739 1025/32/738 1055/239/763 1137/327/705
f 1026/28/745 1085/31/744 1138/329/701 1057/242/747
f 1085/31/744 1024/36/743 1053/236/702 1138/329/701
f 1024/36/743 1086/35/742 1139/328/732 1054/234/731
f 1086/35/742 1023/34/741 1052/230/746 1139/328/732
f 1185/1056/798 1192/1057/799 1154/1058/800 1152/1059/801
f 1225/1060/802 1184/1061/803 1199/1062/630 1202/1063/804
f 1207/1064/805 1202/1063/804 1233/1065/806 1220/1066/807
f 1226/1067/808 1186/1068/809 1199/1062/630 1208/1069/810
f 1203/1070/811 1206/1071/812 1234/1072/813 1223/1073/814
f 1156/1074/815 1171/1075/816 1217/1076/817 1209/1077/818
f 1224/1078/819 1157/1079/820 1171/1075/816 1201/1080/821
f 1144/1081/822 1182/1082/823 1193/1083/824 1146/1084/825
f 1176/1085/826 1198/1086/827 1148/1087/828 1150/1088/829
f 1185/1056/798 1193/1083/824 1182/1082/823 1192/1057/799
f 1223/1073/814 1163/1089/830 1179/1090/831 1203/1070/811
f 1191/1091/832 1187/1092/833 1194/1093/834 1175/1094/835
f 1220/1066/807 1169/1095/836 1178/1096/837 1207/1064/805
f 1205/1097/838 1201/1080/821 1232/1098/839 1227/1099/840
f 1154/1058/800 1189/1100/841 1195/1101/842 1152/1059/801
f 1228/1102/843 1190/1103/844 1200/1104/610 1206/1071/812
f 1208/1069/810 1204/1105/845 1231/1106/846 1226/1067/808
f 1183/1107/847 1196/1108/848 1153/1109/849 1151/1110/850
f 1147/1111/851 1181/1112/852 1197/1113/853 1149/1114/854
f 1183/1107/847 1197/1113/853 1181/1112/852 1196/1108/848
f 1219/1115/855 1159/1116/856 1173/1117/857 1204/1105/845
f 1147/1111/851 1149/1114/854 1168/1118/858 1164/1119/859
f 1195/1101/842 1189/1100/841 1198/1086/827 1176/1085/826
f 1204/1105/845 1208/1069/810 1229/1120/860 1219/1115/855
f 1202/1063/804 1207/1064/805 1235/1121/861 1225/1060/802
f 1153/1109/849 1187/1092/833 1191/1091/832 1151/1110/850
f 1150/1088/829 1148/1087/828 1165/1122/862 1170/1123/863
f 1206/1071/812 1203/1070/811 1236/1124/864 1228/1102/843
f 1145/1125/865 1143/1126/866 1155/1127/867 1160/1128/868
f 1227/1099/840 1188/1129/869 1200/1104/610 1205/1097/838
f 1205/1097/838 1230/1130/870 1224/1078/819 1201/1080/821
f 1143/1126/866 1156/1074/815 1209/1077/818 1155/1127/867
f 1209/1131/818 1217/1132/817 1172/1133/871 1155/1134/867
f 1217/1132/817 1210/1135/872 1158/1136/873 1172/1133/871
f 1218/1137/874 1211/1138/875 1160/1139/868 1174/1140/876
f 1144/1081/822 1158/1141/873 1210/1142/872 1157/1079/820
f 1171/1075/816 1157/1079/820 1210/1142/872 1217/1076/817
f 1145/1125/865 1160/1128/868 1211/1143/875 1159/1144/856
f 1173/1117/857 1159/1116/856 1211/1145/875 1218/1146/874
f 1162/1147/877 1173/1117/857 1218/1146/874 1212/1148/878
f 1146/1084/825 1162/1147/877 1212/1148/878 1161/1149/879
f 1212/1150/878 1218/1137/874 1174/1140/876 1161/1151/879
f 1222/1152/880 1213/1153/881 1164/1154/859 1180/1155/882
f 1147/1111/851 1164/1119/859 1213/1156/881 1163/1089/830
f 1179/1090/831 1163/1089/830 1213/1156/881 1222/1157/880
f 1166/1158/883 1179/1090/831 1222/1157/880 1214/1159/884
f 1148/1087/828 1166/1158/883 1214/1159/884 1165/1122/862
f 1214/1160/884 1222/1152/880 1180/1155/882 1165/1134/862
f 1221/1161/885 1215/1162/886 1167/1163/887 1178/1096/837
f 1177/1164/888 1168/1151/858 1215/1165/886 1221/1166/885
f 1170/1139/863 1177/1164/888 1221/1166/885 1216/1167/889
f 1149/1114/854 1167/1168/887 1215/1169/886 1168/1118/858
f 1150/1088/829 1170/1123/863 1216/1170/889 1169/1095/836
f 1216/1170/889 1221/1161/885 1178/1096/837 1169/1095/836
f 1144/1081/822 1146/1084/825 1161/1149/879 1158/1141/873
f 1160/1139/868 1155/1134/867 1172/1133/871 1174/1140/876
f 1158/1136/873 1161/1151/879 1174/1140/876 1172/1133/871
f 1186/1068/809 1233/1065/806 1202/1063/804 1199/1062/630
f 1175/1094/835 1145/1125/865 1159/1144/856 1219/1171/855
f 1191/1091/832 1175/1094/835 1219/1171/855 1229/1172/860
f 1188/1129/869 1234/1072/813 1206/1071/812 1200/1104/610
f 1176/1085/826 1150/1088/829 1169/1095/836 1220/1066/807
f 1195/1101/842 1176/1085/826 1220/1066/807 1233/1065/806
f 1164/1154/859 1168/1151/858 1177/1164/888 1180/1155/882
f 1170/1139/863 1165/1134/862 1180/1155/882 1177/1164/888
f 1190/1103/844 1230/1130/870 1205/1097/838 1200/1104/610
f 1181/1112/852 1147/1111/851 1163/1089/830 1223/1073/814
f 1196/1108/848 1181/1112/852 1223/1073/814 1234/1072/813
f 1167/1163/887 1235/1121/861 1207/1064/805 1178/1096/837
f 1182/1082/823 1144/1081/822 1157/1079/820 1224/1078/819
f 1192/1057/799 1182/1082/823 1224/1078/819 1230/1130/870
f 1162/1147/877 1231/1106/846 1204/1105/845 1173/1117/857
f 1183/1107/847 1151/1110/850 1184/1173/803 1225/1174/802
f 1197/1113/853 1183/1107/847 1225/1174/802 1235/1175/861
f 1156/1074/815 1232/1098/839 1201/1080/821 1171/1075/816
f 1185/1056/798 1152/1059/801 1186/1068/809 1226/1067/808
f 1193/1083/824 1185/1056/798 1226/1067/808 1231/1106/846
f 1166/1158/883 1236/1124/864 1203/1070/811 1179/1090/831
f 1187/1092/833 1153/1109/849 1188/1129/869 1227/1099/840
f 1194/1093/834 1187/1092/833 1227/1099/840 1232/1098/839
f 1175/1094/835 1194/1093/834 1143/1126/866 1145/1125/865
f 1189/1100/841 1154/1058/800 1190/1103/844 1228/1102/843
f 1198/1086/827 1189/1100/841 1228/1102/843 1236/1124/864
f 1151/1110/850 1191/1091/832 1229/1172/860 1184/1173/803
f 1154/1058/800 1192/1057/799 1230/1130/870 1190/1103/844
f 1146/1084/825 1193/1083/824 1231/1106/846 1162/1147/877
f 1143/1126/866 1194/1093/834 1232/1098/839 1156/1074/815
f 1152/1059/801 1195/1101/842 1233/1065/806 1186/1068/809
f 1153/1109/849 1196/1108/848 1234/1072/813 1188/1129/869
f 1149/1114/854 1197/1113/853 1235/1175/861 1167/1168/887
f 1148/1087/828 1198/1086/827 1236/1124/864 1166/1158/883
f 445/444/421 446/689/518 566/627/542 565/439/418
f 418/392/383 644/391/382 643/393/384 416/473/442
f 1184/1061/803 1229/1120/860 1208/1069/810 1199/1062/630
f 953/953/660 981/930/653 1008/933/656 990/932/655
f 513/616/538 520/615/537 604/341/342 599/340/341
f 1027/1055/772 1071/997/729 1128/1020/768 1102/1019/767
f 97/326/277 14/40/40 203/247/273 301/1176/272
